0001   0000             ;--------------------------------------------
0002   0000             ; S O U T H E R N   C R O S S   M O N I T O R
0003   0000             ;--------------------------------------------
0004   0000             ;
0005   0000             ; Written by Craig R. S. Jones 
0006   0000             ; Melbourne, Australia.
0007   0000             ;
0008   0000             ; VERSION 1.2  January 1993 Initial Release
0009   0000             ;         1.21 July 1993
0010   0000             ;         1.3  February 2003 (Unreleased)
0011   0000             ;         1.4  March 2021
0012   0000             ;         1.5  June 2021
0013   0000             ;         1.6  September 2021
0014   0000             ;         1.7  November 2022
0015   0000             ;         1.8  March 2023
0016   0000             ;         1.9  August 2026
0017   0000             ;
0018   0000             ; 16 bit multiply from Zaks 'Programming the Z80'
0019   0000             ; Music and sound code from
0020   0000             ; Talking Electronics TEC-1 monitor, MON-1
0021   0000             ; by John Hardy and Ken Stone
0022   0000             ;
0023   0000             ; if defined use the 74C923 keyboard encoder else use software scanning
0024   0000             #DEFINE 74C923
0025   0000             ;
0026   0000             ;---------------
0027   0000             ; RAM MEMORY MAP
0028   0000             ;---------------
0029   0000             BOTRAM  .EQU  2000H          ;bottom of SRAM
0030   0000             TOPRAM  .EQU  3FFFH          ;top of SRAM
0031   0000             ;
0032   0000             VARBLS  .EQU  TOPRAM-0FFH    ;monitor variables
0033   0000             BUFFER  .EQU  VARBLS-0100H   ;general purpose buffer area
0034   0000             ISTACK  .EQU  BUFFER         ;allow 256 byte stack
0035   0000             ;
0036   0000             RAMEND  .EQU  ISTACK-0100H   ;end of user RAM
0037   0000             RAMSRT  .EQU  BOTRAM         ;start of user RAM
0038   0000             ;
0039   0000             ; I/O port addresses
0040   0000             ;
0041   0000             IO0     .EQU  80H            ;IO port 0
0042   0000             IO1     .EQU  81H            ;IO port 1
0043   0000             IO2     .EQU  82H            ;IO port 2
0044   0000             IO3     .EQU  83H            ;IO port 3
0045   0000             DISPLY  .EQU  84H            ;display latch
0046   0000             SCAN    .EQU  85H            ;display scan latch
0047   0000             KEYBUF  .EQU  86H            ;keyboard buffer
0048   0000             IO7     .EQU  87H            ;spare IO address
0049   0000             ;
0050   0000             ; Bit-Bang Baud rate constants
0051   0000             ;
0052   0000             B300    .EQU  0220H          ;300 baud
0053   0000             B1200   .EQU  0080H          ;1200 baud
0054   0000             B2400   .EQU  003FH          ;2400 baud
0055   0000             B4800   .EQU  001BH          ;4800 baud
0056   0000             B9600   .EQU  000BH          ;9600 baud
0057   0000             ;
0058   0000             ; key codes
0059   0000             ;
0060   0000             KEYFN   .EQU  10H            ;Fn or Go key
0061   0000             KEYAD   .EQU  11H            ;Address key
0062   0000             KEYINC  .EQU  12H            ;Plus key
0063   0000             KEYDEC  .EQU  13H            ;Minus key
0064   0000             
0065   0000             ;-------------------------
0066   0000             ; MONITOR GLOBAL VARIABLES
0067   0000             ;-------------------------
0068   0000             ;
0069   3F00                 .ORG    VARBLS
0070   3F00             ;
0071   3F00             VARIDX  .DS   16             ;reserve some space for indexed variables
0072   3F10             SPSAVE  .DS   2              ;save the stack pointer
0073   3F12             ADDR    .DS   2              ;temp address
0074   3F14             DATA    .DS   1              ;temp data @ address
0075   3F15             ;
0076   3F15             FUNTBL  .DS   2              ;Fn table address
0077   3F17             ;
0078   3F17             ; DALLAS SMARTWATCH REGISTERS
0079   3F17             ;
0080   3F17             CALMDE  .DS   2              ;calendar mode
0081   3F19             SWREG0  .DS   1              ;10ths, 100ths
0082   3F1A             SWREG1  .DS   1              ;seconds
0083   3F1B             SWREG2  .DS   1              ;minutes
0084   3F1C             SWREG3  .DS   1              ;hours
0085   3F1D             SWREG4  .DS   1              ;day
0086   3F1E             SWREG5  .DS   1              ;date
0087   3F1F             SWREG6  .DS   1              ;month
0088   3F20             SWREG7  .DS   1              ;year
0089   3F21             ;
0090   3F21             BAUD    .DS   2              ;bit bang baud rate
0091   3F23             KEYTIM  .DS   2              ;beep delay
0092   3F25             SPTEMP  .DS   2              ;temp system call SP
0093   3F27             ;
0094   3F27             ; BLOCK FUNCTIONS
0095   3F27             ;
0096   3F27             COUNT   .DS   2              ;number of bytes to move
0097   3F29             BLKSRT  .DS   2              ;block start address
0098   3F2B             BLKEND  .DS   2              ;block end address
0099   3F2D             BLKDST  .DS   2              ;destination address
0100   3F2F             ;
0101   3F2F             FUNJMP  .DS   2              ;Fn Fn key jump address
0102   3F31             ;
0103   3F31             ; DISPLAY SCAN REGISTERS
0104   3F31             ;
0105   3F31             DISBUF  .DS   6              ;display buffer
0106   3F37             ONTIM   .DS   1              ;display scan on time
0107   3F38             OFTIM   .DS   1              ;display scan off time
0108   3F39             ;
0109   3F39             ; MONITOR VARIABLES
0110   3F39             ;
0111   3F39             ;
0112   3F39             ;MODE
0113   3F39             ; B7 = Address= 0 / Data= 1
0114   3F39             ; B6 = Beep enabled= 1
0115   3F39             ; B5 = Auto-increment data entry state
0116   3F39             ;
0117   3F39             MODE    .DS   2              ;display mode
0118   3F3B             ADRESS  .DS   2              ;user address
0119   3F3D             KEYDEL  .DS   2              ;auto increment delay
0120   3F3F             ;
0121   3F3F             ; SINGLE STEPPER TEMPORARY REGISTER STORAGE
0122   3F3F             ;
0123   3F3F             REGPNT  .DS   2   ;register pointer
0124   3F41             TMPPC   .DS   2   ;program counter PC
0125   3F43             TMPAF   .DS   2   ;AF accumulator,flag
0126   3F45             TMPBC   .DS   2   ;BC register pair
0127   3F47             TMPDE   .DS   2   ;DE register pair
0128   3F49             TMPHL   .DS   2   ;HL register pair
0129   3F4B             TMPIX   .DS   2   ;index register X
0130   3F4D             TMPIY   .DS   2   ;index register Y
0131   3F4F             TMPSP   .DS   2   ;stack pointer SP
0132   3F51             ;
0133   3F51             ; RESTART JUMP TABLE AND HARWARE TEST
0134   3F51             ;
0135   3F51             RST08   .DS   2   ;restart 08h jump
0136   3F53             RST10   .DS   2   ;restart 10h jump
0137   3F55             RST18   .DS   2   ;restart 18h jump
0138   3F57             RST20   .DS   2   ;restart 20h jump
0139   3F59             RST28   .DS   2   ;restart 28h jump
0140   3F5B             RST38   .DS   2   ;int interrupt jump
0141   3F5D             RST66   .DS   2   ;nmi interrupt jump
0142   3F5F             RAMSUM  .DS   1   ;user ram checksum
0143   3F60             SWATCH  .DS   1   ;smartwatch access and ram test location
0144   3F61             SYSERR  .DS   2   ;system call error jump
0145   3F63             BRKADD  .DS   2   ;break address
0146   3F65             JMPHL   .DS   1   ; JP (HL)
0147   3F66             ;----------------
0148   3F66             ; RESTART VECTORS
0149   3F66             ;----------------
0150   3F66             ;
0151   3F66             ; Restart 00H - RST 0
0152   3F66             ; when power is applied to the Southern Cross
0153   3F66             ; the Z80 starts executing instructions from here
0154   3F66             ;
0155   0000                     .ORG  0000H
0156   0000 C3 00 02    RSTVEC  JP    RESET
0157   0003             ;
0158   0003             ; Restart 08H - RST 1
0159   0003             ;
0160   0008                     .ORG  0008H
0161   0008 E5                  PUSH  HL             ;save HL to restore later
0162   0009 2A 51 3F            LD    HL,(RST08)     ;load the vector from RAM
0163   000C E5                  PUSH  HL             ;and save this jump address
0164   000D 18 5F               JR    CALLJMP
0165   000F             ;
0166   000F             ; Restart 10H - RST 2
0167   000F             ;
0168   0010                     .ORG  0010H
0169   0010 E5                  PUSH  HL
0170   0011 2A 53 3F            LD    HL,(RST10)
0171   0014 E5                  PUSH  HL
0172   0015 18 57               JR    CALLJMP
0173   0017             ;
0174   0017             ; Restart 18H - RST 3
0175   0017             ;
0176   0018                     .ORG  0018H
0177   0018 E5                  PUSH  HL
0178   0019 2A 55 3F            LD    HL,(RST18)
0179   001C E5                  PUSH  HL
0180   001D 18 4F               JR    CALLJMP
0181   001F             ;
0182   001F             ; Restart 20H - RST 4
0183   001F             ;
0184   0020                     .ORG  0020H
0185   0020 E5                  PUSH  HL
0186   0021 2A 57 3F            LD    HL,(RST20)
0187   0024 E5                  PUSH  HL
0188   0025 18 47               JR    CALLJMP
0189   0027             ;
0190   0027             ; Restart 28H - RST 5
0191   0027             ;
0192   0028                     .ORG  0028H
0193   0028 E5                  PUSH  HL
0194   0029 2A 59 3F            LD    HL,(RST28)
0195   002C E5                  PUSH  HL
0196   002D 18 3F               JR    CALLJMP
0197   002F             ;
0198   002F             ; Restart 30H - RST 6 - Monitor routines entry point
0199   002F             ;
0200   0030                     .ORG  0030H
0201   0030 C3 D0 00    RST30   JP    SYSCALL
0202   0033             ;
0203   0033             ; Restart 38H - RST 7
0204   0033             ; if interrupts are enabled,and an int occurs- 
0205   0033             ; further interrupts are disabled, 
0206   0033             ; the program counter is pushed onto the stack, 
0207   0033             ; and execution starts here
0208   0033             ;
0209   0038                     .ORG  0038H
0210   0038 E5                  PUSH  HL
0211   0039 2A 5B 3F            LD    HL,(RST38)
0212   003C E9                  JP    (HL)
0213   003D             ;
0214   003D             INTRET
0215   003D E1                  POP     HL
0216   003E ED 4D               RETI                 ;return from int
0217   0040             ;
0218   0040             ; Restart 66H NMI vector
0219   0040             ; same as above but NMI cannot be disabled.
0220   0040             ;
0221   0066                     .ORG    0066H
0222   0066 E5                  PUSH    HL
0223   0067 2A 5D 3F            LD      HL,(RST66)
0224   006A E9                  JP      (HL)
0225   006B             ;
0226   006B             NMIRET
0227   006B E1                  POP     HL
0228   006C ED 45               RETN                ;return from NMI
0229   006E             ;
0230   006E             ; jump to the address on the stack and set the RETurn address
0231   006E             CALLJMP
0232   006E 21 73 00            LD    HL,RSTRET     ;get the return address
0233   0071 E3                  EX    (SP),HL       ;exchange the jump and return address
0234   0072 E9                  JP    (HL)          ;jump to the subroutine
0235   0073             ;
0236   0073             ; return from restart
0237   0073             ; restart calls return here
0238   0073             RSTRET
0239   0073 E1                  POP   HL            ;get HL back and return
0240   0074 C9          RETURN  RET
0241   0075             ;
0242   0075             ; Fn Fn default vector
0243   0075             ;
0244   00A0                     .ORG  00A0H
0245   00A0 00 00       FN2VEC  .DW   0000H
0246   00A2             ;--------------------
0247   00A2             ; SYSTEM CALL HANDLER
0248   00A2             ;--------------------
0249   00A2             ; calls to basic IO and other routines
0250   00A2             ; within the monitor have been assigned
0251   00A2             ; system call numbers to avoid re-writing
0252   00A2             ; user software if monitor absolute addresses
0253   00A2             ; change in subsequent monitors
0254   00A2             ;
0255   00A2             ; Entry : c = call number
0256   00A2             ; see routines for entry and exit parameters
0257   00A2             ;
0258   00D0                     .ORG  00D0H
0259   00D0 3B          SYSCALL DEC   SP
0260   00D1 3B                  DEC   SP            ;leave space for syscall
0261   00D2 ED 73 25 3F         LD    (SPTEMP),SP   ;points to syscall lo
0262   00D6 F5                  PUSH  AF
0263   00D7 D5                  PUSH  DE
0264   00D8 E5                  PUSH  HL            ;save registers
0265   00D9 79                  LD    A,C           ;get call number
0266   00DA E6 7F               AND   127           ;ensure in limits
0267   00DC CB 27               SLA   A             ;multiply by two
0268   00DE 26 01               LD    H,1           ;load jump table high byte
0269   00E0 6F                  LD    L,A           ;load index
0270   00E1 7E                  LD    A,(HL)
0271   00E2 23                  INC   HL
0272   00E3 56                  LD    D,(HL)        ;get jump address
0273   00E4 2A 25 3F            LD    HL,(SPTEMP)   ;point to syscall lo
0274   00E7 77                  LD    (HL),A        ;put syscall lo on stack
0275   00E8 23                  INC   HL
0276   00E9 7A                  LD    A,D
0277   00EA 77                  LD    (HL),A        ;put syscall hi on stack
0278   00EB E1                  POP   HL
0279   00EC D1                  POP   DE
0280   00ED F1                  POP   AF            ;restore registers
0281   00EE C9                  RET                 ;jumps to system call
0282   00EF             ;
0283   00EF             ; Error trap
0284   00EF             ; halt the machine until Reset or Interrupt
0285   00EF             ;
0286   00EF 2A 61 3F    TRAP    LD    HL,(SYSERR)
0287   00F2 E9                  JP    (HL)
0288   00F3             ;
0289   00F3 76          STOP    HALT
0290   00F4             ;-----------------------
0291   00F4             ; SYSTEM CALL JUMP TABLE
0292   00F4             ;-----------------------
0293   0100                     .ORG    0100H
0294   0100             SYSJMP
0295   0100 85 02               .DW   MAIN           ;0 restart monitor
0296   0102 E4 03               .DW   VERS           ;1 return software version number
0297   0104 07 04               .DW   DISADD         ;2 covert address to seven segment code in display buffer
0298   0106 1C 04               .DW   DISBYT         ;3 convert data to seven segment code in display buffer
0299   0108 86 04               .DW   CLRBUF         ;4 clear the seven segment display buffer
0300   010A 55 04               .DW   SCAND          ;5 scan the seven segment displays
0301   010C 25 04               .DW   CONBYT         ;6 convert a byte into seven segment code
0302   010E 32 04               .DW   CONVHI         ;7 convert the high nibble into seven segment code
0303   0110             ;
0304   0110 36 04               .DW   CONVLO         ;8 convert the low nibble into seven segment code
0305   0112 A0 04               .DW   SKEYIN         ;9 scan the display until key press
0306   0114 AD 04               .DW   SKEYRL         ;10 scan the display until key release
0307   0116 BA 04               .DW   KEYIN          ;11 wait for a key press
0308   0118 C4 04               .DW   KEYREL         ;12 wait for key release
0309   011A CE 04               .DW   MENU           ;13 menu handler
0310   011C F1 04               .DW   CHKSUM         ;14 calculate 8 bit checksum
0311   011E 29 05               .DW   MUL16          ;15 16 bit multiply
0312   0120             ;
0313   0120 11 05               .DW   RAND           ;16 random number generator
0314   0122 01 05               .DW   INDEXB         ;17 8 bit index look up table to an 8 bit byte
0315   0124 08 05               .DW   INDEXW         ;18 8 bit index look up table to a 16 bit word
0316   0126 40 05               .DW   MUSIC          ;19 music sequencer
0317   0128 BD 05               .DW   TONE           ;20 output a tone
0318   012A DF 05               .DW   BEEP           ;21 key entry beep
0319   012C C4 0C               .DW   SKATE          ;22 scan 8x8 display
0320   012E 21 08               .DW   TXDATA         ;23 serial bit bang transmit
0321   0130             ;
0322   0130 4C 08               .DW   RXDATA         ;24 serial bit bang receive
0323   0132 FE 07               .DW   ASCHEX         ;25 convert ASCII character to hexadecimal
0324   0134 DC 0E               .DW   WWATCH         ;26 write to smartwatch
0325   0136 52 0E               .DW   RWATCH         ;27 read from smartwatch
0326   0138 3C 0F               .DW   ONESEC         ;28 smartwatch one second delay 40
0327   013A F3 0B               .DW   RLSTEP         ;29 relay board sequencer
0328   013C 20 0C               .DW   DELONE         ;30 one second delay
0329   013E 95 04               .DW   SCANKEY        ;31 scan the keyboard for a key press
0330   0140             ;
0331   0140 AB 07               .DW   INTELH         ;32 receive INTEL hex file
0332   0142 CB 0B               .DW   SPLIT          ;33 separate a byte into two right justidied nibbles
0333   0144 EF 00               .DW   TRAP           ;34
0334   0146 EF 00               .DW   TRAP           ;35
0335   0148 EF 00               .DW   TRAP           ;36
0336   014A EF 00               .DW   TRAP           ;37
0337   014C EF 00               .DW   TRAP           ;38
0338   014E DD 03               .DW   PCBTYP         ;39 return PCB type SC
0339   0150             ;
0340   0150 EF 00               .DW   TRAP           ;40
0341   0152 EB 03               .DW   KBDTYP         ;41 return keyboard type 74c923 or software scanned
0342   0154 A3 03               .DW   UPDATE         ;42 update the display buffer
0343   0156 D9 03               .DW   VARRAM         ;43 return variable base address
0344   0158 07 08               .DW   SERINI         ;44 initialise bit bang serial
0345   015A EF 00               .DW   TRAP           ;45
0346   015C 17 08               .DW   MSDELAY        ;46 millisecond delay
0347   015E EF 00               .DW   TRAP           ;47
0348   0160             ;
0349   0160 EF 00 EF 00         .DW TRAP,TRAP,TRAP,TRAP,TRAP,TRAP,TRAP,TRAP
0349   0164 EF 00 EF 00 
0349   0168 EF 00 EF 00 
0349   016C EF 00 EF 00 
0350   0170 EF 00 EF 00         .DW TRAP,TRAP,TRAP,TRAP,TRAP,TRAP,TRAP,TRAP
0350   0174 EF 00 EF 00 
0350   0178 EF 00 EF 00 
0350   017C EF 00 EF 00 
0351   0180             
0352   0180 EF 00 EF 00         .DW TRAP,TRAP,TRAP,TRAP,TRAP,TRAP,TRAP,TRAP
0352   0184 EF 00 EF 00 
0352   0188 EF 00 EF 00 
0352   018C EF 00 EF 00 
0353   0190 EF 00 EF 00         .DW TRAP,TRAP,TRAP,TRAP,TRAP,TRAP,TRAP,TRAP
0353   0194 EF 00 EF 00 
0353   0198 EF 00 EF 00 
0353   019C EF 00 EF 00 
0354   01A0             
0355   01A0 EF 00 EF 00         .DW TRAP,TRAP,TRAP,TRAP,TRAP,TRAP,TRAP,TRAP
0355   01A4 EF 00 EF 00 
0355   01A8 EF 00 EF 00 
0355   01AC EF 00 EF 00 
0356   01B0 EF 00 EF 00         .DW TRAP,TRAP,TRAP,TRAP,TRAP,TRAP,TRAP,TRAP
0356   01B4 EF 00 EF 00 
0356   01B8 EF 00 EF 00 
0356   01BC EF 00 EF 00 
0357   01C0             
0358   01C0 EF 00 EF 00         .DW TRAP,TRAP,TRAP,TRAP,TRAP,TRAP,TRAP,TRAP
0358   01C4 EF 00 EF 00 
0358   01C8 EF 00 EF 00 
0358   01CC EF 00 EF 00 
0359   01D0 EF 00 EF 00         .DW TRAP,TRAP,TRAP,TRAP,TRAP,TRAP,TRAP,TRAP
0359   01D4 EF 00 EF 00 
0359   01D8 EF 00 EF 00 
0359   01DC EF 00 EF 00 
0360   01E0             
0361   01E0 EF 00 EF 00         .DW TRAP,TRAP,TRAP,TRAP,TRAP,TRAP,TRAP,TRAP
0361   01E4 EF 00 EF 00 
0361   01E8 EF 00 EF 00 
0361   01EC EF 00 EF 00 
0362   01F0 EF 00 EF 00         .DW TRAP,TRAP,TRAP,TRAP,TRAP,TRAP,TRAP,TRAP
0362   01F4 EF 00 EF 00 
0362   01F8 EF 00 EF 00 
0362   01FC EF 00 EF 00 
0363   0200             ;------------------------------
0364   0200             ; POWER UP RESET / MANUAL RESET
0365   0200             ;------------------------------
0366   0200                     .ORG    0200H
0367   0200             ;
0368   0200             ; wait for smart socket
0369   0200             ; to recover from power down
0370   0200             ;
0371   0200 3E 55       RESET   LD    A,55H
0372   0202 32 60 3F            LD    (SWATCH),A     ;write to RAM
0373   0205 AF                  XOR   A
0374   0206 D3 84               OUT   (DISPLY),A     ;write nothing to
0375   0208 D3 85               OUT   (SCAN),A       ;on board IO
0376   020A DB 86               IN    A,(KEYBUF)     ;to help debugging
0377   020C 3A 60 3F            LD    A,(SWATCH)     ;read from RAM
0378   020F FE 55               CP    55H            ;is it ready?
0379   0211 C2 00 02            JP    NZ,RESET       ;keep trying
0380   0214             ;
0381   0214             ; load stack pointer
0382   0214             ;
0383   0214 31 00 3E    RESET1  LD    SP,ISTACK      ;initialise monitor stack pointer
0384   0217 ED 56               IM    1              ;set interrupt mode 1 - use the automated interrupt
0385   0219             ;
0386   0219             ; set up restart vectors
0387   0219             ;
0388   0219 21 21 08            LD    HL,TXDATA      ;bit-banged serial transmit
0389   021C 22 51 3F            LD    (RST08),HL
0390   021F 21 4C 08            LD    HL,RXDATA      ;bit-banged serial receive (blocking)
0391   0222 22 53 3F            LD    (RST10),HL
0392   0225 21 74 00            LD    HL,RETURN
0393   0228 22 55 3F            LD    (RST18),HL
0394   022B 22 57 3F            LD    (RST20),HL
0395   022E 22 59 3F            LD    (RST28),HL
0396   0231 21 6B 00            LD    HL,NMIRET
0397   0234 22 5D 3F            LD    (RST66),HL     ;NMI vector
0398   0237 21 09 06            LD    HL,SSTEP       ;single stepper interrupt
0399   023A 22 5B 3F            LD    (RST38),HL     ;INT vector
0400   023D 21 F3 00            LD    HL,STOP
0401   0240 22 61 3F            LD    (SYSERR),HL    ;invalid system call error
0402   0243             ;
0403   0243             ; perform checksum on user RAM
0404   0243             ;
0405   0243 21 00 20            LD    HL,RAMSRT      ;start of user RAM
0406   0246 11 00 3D            LD    DE,RAMEND      ;end of user RAM
0407   0249 CD F1 04            CALL  CHKSUM
0408   024C 32 5F 3F            LD    (RAMSUM),A     ;RAM checksum
0409   024F             ;
0410   024F             ; set up default variables
0411   024F             ;
0412   024F 21 5A 07            LD    HL,FUNLST
0413   0252 22 15 3F            LD    (FUNTBL),HL    ;function key table
0414   0255 2A A0 00            LD    HL,(FN2VEC)    ;Fn Fn default vector
0415   0258 22 2F 3F            LD    (FUNJMP),HL    ;fn fn jump
0416   025B AF                  XOR   A
0417   025C 32 3F 3F            LD    (REGPNT),A     ;init single stepper
0418   025F 32 39 3F            LD    (MODE),A       ;start with speaker on
0419   0262             ;
0420   0262 21 0B 00            LD    HL,B9600       ;default baud rate
0421   0265 CD 07 08            CALL  SERINI         ;initialise the serial port
0422   0268             ;
0423   0268             ; initialise display scan variables
0424   0268             ;
0425   0268 21 00 01            LD    HL,0100H
0426   026B 22 3D 3F            LD    (KEYDEL),HL    ;auto-inc/dec delay
0427   026E 21 00 10            LD    HL,1000H
0428   0271 22 23 3F            LD    (KEYTIM),HL    ;delay time instead of a beep
0429   0274             #IFDEF 74C923
0430   0274 3E 20               LD    A,20H
0431   0276~            #ELSE
0432   0276~                    LD    A,08H
0433   0276             #ENDIF
0434   0276 32 38 3F            LD    (OFTIM),A      ;display off time
0435   0279             
0436   0279 CD DF 05            CALL  BEEP
0437   027C CD DF 05            CALL  BEEP
0438   027F             
0439   027F             ; initialise the 'display on' time
0440   027F             #IFDEF 74C923
0441   027F 3E 08               LD    A,08H
0442   0281~            #ELSE
0443   0281~                    LD    A,10H
0444   0281             #ENDIF
0445   0281 32 37 3F            LD    (ONTIM),A      ;display on time
0446   0284                 
0447   0284 FB                  EI                   ;enable interrupts
0448   0285             ;-----------------
0449   0285             ; SET UP MAIN LOOP
0450   0285             ;-----------------
0451   0285 31 00 3E    MAIN    LD    SP,ISTACK      ;initialise/reset stack
0452   0288 21 00 20            LD    HL,RAMSRT
0453   028B 22 3B 3F            LD    (ADRESS),HL    ;default start address
0454   028E 3A 39 3F            LD    A,(MODE)
0455   0291 F6 80               OR    80H            ;start off in data mode
0456   0293 32 39 3F            LD    (MODE),A
0457   0296             ;
0458   0296             ; scan the displays until a key is pressed
0459   0296             ;
0460   0296 CD A3 03    MAIN1   CALL  UPDATE
0461   0299 CD A0 04    MAIN2   CALL  SKEYIN         ;wait for a key
0462   029C 21 AB 02            LD    HL,MENLST      ;use the menu handler
0463   029F CD CE 04            CALL  MENU           ;routine for each key
0464   02A2 CD A3 03            CALL  UPDATE         ;update buffer and
0465   02A5 CD AD 04            CALL  SKEYRL         ;wait for key release
0466   02A8 C3 99 02            JP    MAIN2
0467   02AB             ;
0468   02AB             ; main menu key table
0469   02AB             ;
0470   02AB 14          MENLST  .DB 20
0471   02AC 00 01 02 03         .DB 00H,01H,02H,03H,04H,05H,06H,07H
0471   02B0 04 05 06 07 
0472   02B4 08 09 0A 0B         .DB 08H,09H,0AH,0BH,0CH,0DH,0EH,0FH
0472   02B8 0C 0D 0E 0F 
0473   02BC 10 11 12 13         .DB 10H,11H,12H,13H
0474   02C0 E8 02 E8 02         .DW HEXKEY,HEXKEY,HEXKEY,HEXKEY
0474   02C4 E8 02 E8 02 
0475   02C8 E8 02 E8 02         .DW HEXKEY,HEXKEY,HEXKEY,HEXKEY
0475   02CC E8 02 E8 02 
0476   02D0 E8 02 E8 02         .DW HEXKEY,HEXKEY,HEXKEY,HEXKEY
0476   02D4 E8 02 E8 02 
0477   02D8 E8 02 E8 02         .DW HEXKEY,HEXKEY,HEXKEY,HEXKEY
0477   02DC E8 02 E8 02 
0478   02E0 32 07 2D 03         .DW FUNKEY,ADDKEY,INCKEY,DECKEY
0478   02E4 45 03 74 03 
0479   02E8             ;---------------------------------------------------
0480   02E8             ; ENTER HEX KEY AS LEAST SIGNIFICANT ADDRESS OR DATA
0481   02E8             ;---------------------------------------------------
0482   02E8 CD DF 05    HEXKEY  CALL  BEEP
0483   02EB 21 39 3F            LD    HL,MODE
0484   02EE CB 7E               BIT   7,(HL)         ;addr or data mode?
0485   02F0 CA 14 03            JP    Z,HEXKY2       ;in addr mode
0486   02F3             ;
0487   02F3             ; in data mode
0488   02F3             ;
0489   02F3 CB 6E       HEXKY1  BIT   5,(HL)
0490   02F5 28 0D               JR    Z,DATENT
0491   02F7             ;
0492   02F7             ; auto increment the address in data entry mode
0493   02F7             ;
0494   02F7 CB AE               RES   5,(HL)         ;clear the auto increment flag
0495   02F9 CD 06 03            CALL  DATENT1
0496   02FC 2A 3B 3F            LD    HL,(ADRESS)
0497   02FF 23                  INC   HL             ;auto increment the address
0498   0300 22 3B 3F            LD    (ADRESS),HL
0499   0303 C9                  RET
0500   0304             
0501   0304 CB EE       DATENT  SET   5,(HL)         ;set auto increment flag
0502   0306             
0503   0306 2A 3B 3F    DATENT1 LD    HL,(ADRESS)
0504   0309 CB 26               SLA   (HL)           ;from the current
0505   030B CB 26               SLA   (HL)           ;address,move the
0506   030D CB 26               SLA   (HL)           ;lsn to the msn.
0507   030F CB 26               SLA   (HL)           ;put the key in
0508   0311 B6                  OR    (HL)           ;the new data back at
0509   0312 77                  LD    (HL),A         ;the current address
0510   0313 C9                  RET
0511   0314             ;
0512   0314             ; in address mode
0513   0314             ;
0514   0314 2A 3B 3F    HEXKY2  LD    HL,(ADRESS)
0515   0317 CB 25               SLA   L              ;current address
0516   0319 CB 14               RL    H              ;and do a 16 bit
0517   031B CB 25               SLA   L              ;left shift 4 times
0518   031D CB 14               RL    H              ;to make room
0519   031F CB 25               SLA   L              ;for the new key
0520   0321 CB 14               RL    H
0521   0323 CB 25               SLA   L
0522   0325 CB 14               RL    H
0523   0327 B5                  OR    L              ;it in the least
0524   0328 6F                  LD    L,A            ;significant nibble
0525   0329 22 3B 3F            LD    (ADRESS),HL    ;save current address
0526   032C C9                  RET
0527   032D             ;-------------
0528   032D             ; CHANGE MODES
0529   032D             ;-------------
0530   032D CD DF 05    ADDKEY  CALL  BEEP
0531   0330 3A 39 3F            LD    A,(MODE)
0532   0333 EE 80               XOR   80H            ;toggle mode
0533   0335 32 39 3F            LD    (MODE),A
0534   0338 CD 3C 03            CALL  AUTRST         ;reset auto increment mode
0535   033B C9                  RET
0536   033C             ;--------------------------
0537   033C             ; RESET AUTO-INCREMENT MODE
0538   033C             ;--------------------------
0539   033C 3A 39 3F    AUTRST  LD    A,(MODE)
0540   033F CB AF               RES   5,A            ;reset auto-increment mode
0541   0341 32 39 3F            LD    (MODE),A
0542   0344 C9                  RET
0543   0345             ;------------------
0544   0345             ; INCREMENT ADDRESS
0545   0345             ;------------------
0546   0345 CD 3C 03    INCKEY  CALL  AUTRST         ;reset auto-increment mode
0547   0348 CD DF 05            CALL  BEEP
0548   034B 2A 3B 3F    INCKY1  LD    HL,(ADRESS)
0549   034E 23                  INC   HL             ;inc address
0550   034F 22 3B 3F            LD    (ADRESS),HL
0551   0352 CD A3 03            CALL  UPDATE
0552   0355 2A 3D 3F            LD    HL,(KEYDEL)    ;auto repeat delay
0553   0358 CD 55 04    INCKY2  CALL  SCAND
0554   035B CD 95 04            CALL  SCANKEY
0555   035E CB 6F               BIT   5,A            ;return if
0556   0360 28 11               JR    Z,INCKY3       ;key released
0557   0362 E6 1F               AND   1FH            ;strip unused bits
0558   0364 FE 12               CP    KEYINC         ; '+'
0559   0366 20 0B               JR    NZ,INCKY3      ;not '+' key
0560   0368 11 01 00            LD    DE,0001H
0561   036B ED 52               SBC   HL,DE
0562   036D D2 58 03            JP    NC,INCKY2      ;scan display for keydel
0563   0370 C3 4B 03            JP    INCKY1         ;inc address
0564   0373 C9          INCKY3  RET
0565   0374             ;------------------
0566   0374             ; DECREMENT ADDRESS
0567   0374             ;------------------
0568   0374 CD 3C 03    DECKEY  CALL  AUTRST         ;reset auto-increment mode
0569   0377 CD DF 05            CALL  BEEP
0570   037A 2A 3B 3F    DECKY1  LD    HL,(ADRESS)
0571   037D 2B                  DEC   HL             ;dec address
0572   037E 22 3B 3F            LD    (ADRESS),HL
0573   0381 CD A3 03            CALL  UPDATE
0574   0384 2A 3D 3F            LD    HL,(KEYDEL)    ;auto repeat delay
0575   0387 CD 55 04    DECKY2  CALL  SCAND
0576   038A CD 95 04            CALL  SCANKEY
0577   038D CB 6F               BIT   5,A            ;return if
0578   038F 28 11               JR    Z,DECKY3       ;key released
0579   0391 E6 1F               AND   1FH
0580   0393 FE 13               CP    KEYDEC         ; '-'
0581   0395 20 0B               JR    NZ,DECKY3      ;not '-' key
0582   0397 11 01 00            LD    DE,0001H
0583   039A ED 52               SBC   HL,DE
0584   039C D2 87 03            JP    NC,DECKY2      ;scan display for keydel
0585   039F C3 7A 03            JP    DECKY1         ;inc address 
0586   03A2 C9          DECKY3  RET
0587   03A3             ;-----------------------------------------
0588   03A3             ; UPDATE DISPLAY BUFFER TO CURRENT ADDRESS
0589   03A3             ;-----------------------------------------
0590   03A3             ;
0591   03A3             ; update the display buffer with the 
0592   03A3             ; current address, the data at the current address
0593   03A3             ; and set the decimal points to
0594   03A3             ; address or data mode
0595   03A3             ;
0596   03A3             ;   entry : none
0597   03A3             ;   exit :  modifies a
0598   03A3             ;
0599   03A3 E5          UPDATE  PUSH  HL
0600   03A4 C5                  PUSH  BC
0601   03A5 2A 3B 3F            LD    HL,(ADRESS)    ;get address
0602   03A8 CD 07 04            CALL  DISADD         ;and data, put in
0603   03AB 7E                  LD    A,(HL)
0604   03AC CD 1C 04            CALL  DISBYT         ;display buffer
0605   03AF             ;
0606   03AF             ; in address or data mode?
0607   03AF             ;
0608   03AF 21 39 3F            LD    HL,MODE
0609   03B2 CB 7E               BIT   7,(HL)         ;data or addr mode?
0610   03B4 CA CC 03            JP    Z,ADMODE       ;address mode
0611   03B7             ;
0612   03B7             ; show data mode
0613   03B7             ;
0614   03B7 CB 6E               BIT   5,(HL)         ;auto-inc mode?
0615   03B9 CA C4 03            JP    Z,UPDATE1
0616   03BC 21 31 3F            LD    HL,DISBUF
0617   03BF 06 01               LD    B,1            ;turn on one DP for auto-inc
0618   03C1 C3 D1 03            JP    SETDP
0619   03C4             ;
0620   03C4 21 31 3F    UPDATE1 LD    HL,DISBUF      ;set the dp's
0621   03C7 06 02               LD    B,2            ;in the data
0622   03C9 C3 D1 03            JP    SETDP          ;display
0623   03CC             ;
0624   03CC             ; show address mode
0625   03CC             ;
0626   03CC 21 33 3F    ADMODE  LD    HL,DISBUF+2
0627   03CF 06 04               LD    B,4            ;set the dp's in the address display
0628   03D1             ;
0629   03D1             ; set decimal point
0630   03D1             ;
0631   03D1             ; set dp in the byte pointed to by hl
0632   03D1             ;
0633   03D1 CB FE       SETDP   SET   7,(HL)         ;set bit 7 for dp
0634   03D3 23                  INC   HL             ;point to next byte
0635   03D4 10 FB               DJNZ  SETDP          ;more bits to set
0636   03D6 C1                  POP   BC
0637   03D7 E1                  POP   HL
0638   03D8 C9                  RET
0639   03D9             ;-----------------------------------------
0640   03D9             ; RETURN THE BASE ADDRESS OF RAM VARIABLES
0641   03D9             ;-----------------------------------------
0642   03D9             ;
0643   03D9             ;   entry: none
0644   03D9             ;   exit: HL = base address of variables
0645   03D9             ;
0646   03D9 21 00 3F    VARRAM  LD    HL,VARBLS
0647   03DC C9                        RET
0648   03DD             ;-----------
0649   03DD             ; BOARD TYPE
0650   03DD             ;-----------
0651   03DD             ; returns the type of board the monitor is built for
0652   03DD             ; entry = none
0653   03DD             ; exit: hl -> 'SC-1'  acc = 01h
0654   03DD             ;
0655   03DD 21 F2 03    PCBTYP  LD    HL,TYPESZ
0656   03E0 3A F7 03            LD    A,(TYPEBF)
0657   03E3 C9                  RET
0658   03E4             ;---------------
0659   03E4             ; VERSION NUMBER
0660   03E4             ;---------------
0661   03E4             ;returns the software version number
0662   03E4             ;
0663   03E4             ;   entry : none
0664   03E4             ; exit : hl -> version number string
0665   03E4             ;        acc = bcd version number d7-d4 = major, d3-d0 minor
0666   03E4             ;
0667   03E4 21 F8 03    VERS    LD    HL,VERSZ
0668   03E7 3A FC 03            LD    A,(VERBCD)
0669   03EA C9                  RET
0670   03EB             ;--------------
0671   03EB             ; KEYBOARD TYPE
0672   03EB             ;--------------
0673   03EB             ; returns the type of keyboard used
0674   03EB             ; entry = none
0675   03EB             ; exit: hl -> keyboard type string
0676   03EB             ;       acc = 01h mm74c923 hardware encoder
0677   03EB             ;       acc = 02h software scanned
0678   03EB             ;
0679   03EB 21 FD 03    KBDTYP  LD    HL,KYBSZ
0680   03EE 3A 06 04            LD    A,(KYBDBF)
0681   03F1 C9                  RET
0682   03F2             
0683   03F2 53 43 2D 31 TYPESZ  .DB   "SC-1",0
0683   03F6 00 
0684   03F7 01          TYPEBF  .DB   01H
0685   03F8             
0686   03F8 31 2E 39 00 VERSZ   .DB   "1.9",0
0687   03FC 19          VERBCD  .DB   19H
0688   03FD             
0689   03FD             #IFDEF 74C923
0690   03FD 48 61 72 64 KYBSZ   .DB   "Hardware",0
0690   0401 77 61 72 65 
0690   0405 00 
0691   0406 01          KYBDBF  .DB   01H 
0692   0407~            #ELSE
0693   0407~            KYBSZ   .DB   "Software",0
0694   0407~            KYBDBF  .DB   02H 
0695   0407             #ENDIF
0696   0407             
0697   0407             ;-------------------------
0698   0407             ; ADDRESS > DISPLAY BUFFER
0699   0407             ;-------------------------
0700   0407             ; convert HL to seven segment code
0701   0407             ; and put in address display buffer.
0702   0407             ;
0703   0407             ; entry : HL = address to be displayed
0704   0407             ;
0705   0407             ; exit  : no registers modified
0706   0407             ;
0707   0407 F5          DISADD  PUSH  AF
0708   0408 E5                  PUSH  HL
0709   0409 E5                  PUSH  HL
0710   040A 7C                  LD    A,H
0711   040B CD 25 04            CALL  CONBYT
0712   040E 22 35 3F            LD    (DISBUF+4),HL
0713   0411 E1                  POP   HL
0714   0412 7D                  LD    A,L
0715   0413 CD 25 04            CALL  CONBYT
0716   0416 22 33 3F            LD    (DISBUF+2),HL
0717   0419 E1                  POP   HL
0718   041A F1                  POP   AF
0719   041B C9                  RET
0720   041C             ;---------------------------
0721   041C             ; DATA BYTE > DISPLAY BUFFER
0722   041C             ;---------------------------
0723   041C             ; convert the acc to seven segment code
0724   041C             ; and put in data display buffer.
0725   041C             ;
0726   041C             ; entry :  a = data display byte
0727   041C             ;
0728   041C             ; exit  : no registers modified
0729   041C             ;
0730   041C E5          DISBYT  PUSH  HL
0731   041D CD 25 04            CALL  CONBYT
0732   0420 22 31 3F            LD    (DISBUF),HL
0733   0423 E1                  POP   HL
0734   0424 C9                  RET
0735   0425             ;---------------------------------------
0736   0425             ; CONVERT BYTE TO 7 SEGMENT DISPLAY CODE
0737   0425             ;---------------------------------------
0738   0425             ; converts byte in acc to seven segment code
0739   0425             ; for display
0740   0425             ; entry : a = byte to be converted
0741   0425             ; exit  : h = hi nibble seven segment code
0742   0425             ;         l = lo nibble seven segment code
0743   0425             ;         a = not modified
0744   0425 F5          CONBYT  PUSH  AF
0745   0426 F5                  PUSH  AF
0746   0427 CD 32 04            CALL  CONVHI         ;convert hi nibble
0747   042A 67                  LD    H,A
0748   042B F1                  POP   AF
0749   042C CD 36 04            CALL  CONVLO         ;convert lo nibble
0750   042F 6F                  LD    L,A
0751   0430 F1                  POP   AF
0752   0431 C9                  RET
0753   0432             ;---------------------------------------------
0754   0432             ; HEXADECIMAL TO SEVEN SEGMENT CODE CONVERSION
0755   0432             ;---------------------------------------------
0756   0432             ; converts nibble in acc to seven segment code
0757   0432             ; for seven segment displays
0758   0432             ; convhi = converts high nibble
0759   0432             ; convlo = converts lo nibble
0760   0432             ;
0761   0432             ; entry : a = nibble to be converted
0762   0432             ; exit  : a = seven segment code
0763   0432             ;
0764   0432 07          CONVHI  RLCA
0765   0433 07                  RLCA
0766   0434 07                  RLCA                 ;move to lo nibble
0767   0435 07                  RLCA                 ;for conversion
0768   0436 C5          CONVLO  PUSH  BC
0769   0437 E5                  PUSH  HL
0770   0438 21 45 04            LD    HL,SEGMNT      ;use the hex value
0771   043B E6 0F               AND   0FH            ;to index to the
0772   043D 4F                  LD    C,A            ;the seven segment
0773   043E 06 00               LD    B,00H          ;code for that value
0774   0440 09                  ADD   HL,BC          ;and return with
0775   0441 7E                  LD    A,(HL)         ;code in a
0776   0442 E1                  POP   HL
0777   0443 C1                  POP   BC
0778   0444 C9                  RET
0779   0445             ;
0780   0445             ; hexadecimal to 7 segment display code table
0781   0445             ;
0782   0445 3F 06 5B 4F SEGMNT  .DB 3FH,06H,5BH,4FH ;0,1,2,3
0783   0449 66 6D 7D 07         .DB 66H,6DH,7DH,07H ;4,5,6,7
0784   044D 7F 6F 77 7C         .DB 7FH,6FH,77H,7CH ;8,9,A,B
0785   0451 39 5E 79 71         .DB 39H,5EH,79H,71H ;C,D,E,F
0786   0455             ;-------------
0787   0455             ; SCAN DISPLAY
0788   0455             ;-------------
0789   0455             ; as the displays are multiplexed, the data for each
0790   0455             ; display must be latched into the display segment
0791   0455             ; latch in turn and the corresponding bit in the display
0792   0455             ; scan latch turned on to display the data.
0793   0455             ; two short delays are used to adjust the duty
0794   0455             ; cycle and hence display brightness.
0795   0455             ;
0796   0455             ; the serial output is on D6 so it must be kept high! 
0797   0455             ;
0798   0455             ; entry : none
0799   0455             ; exit  : no registers modified
0800   0455             ;
0801   0455 F5          SCAND   PUSH  AF
0802   0456 C5                  PUSH  BC
0803   0457 E5                  PUSH  HL             ;save registers
0804   0458 21 36 3F            LD    HL,DISBUF+5
0805   045B 0E 20               LD    C,20H
0806   045D 7E          SCAND1  LD    A,(HL)
0807   045E D3 84               OUT   (DISPLY),A     ;output character
0808   0460 79                  LD    A,C
0809   0461 F6 40               OR    40H            ;keep D6 high
0810   0463 D3 85               OUT   (SCAN),A       ;turn on display
0811   0465 3A 37 3F            LD    A,(ONTIM)      ;do a short delay
0812   0468 47                  LD    B,A            ;to adjust on time
0813   0469 10 FE       SCAND2  DJNZ  SCAND2         ;of display
0814   046B 78                  LD    A,B            ;b is now clear,
0815   046C F6 40               OR    40H            ;keep D6 high
0816   046E D3 85               OUT   (SCAN),A       ;use it to turn off scan.
0817   0470 3A 38 3F            LD    A,(OFTIM)      ;do a short delay
0818   0473 47                  LD    B,A            ;to adjust off time
0819   0474 10 FE       SCAND3  DJNZ  SCAND3         ;of display
0820   0476 2B                  DEC   HL             ;point to next
0821   0477 CB 09               RRC   C              ;element in buffer
0822   0479 30 E2               JR    NC,SCAND1      ;display next element
0823   047B 78                  LD    A,B            ;b is now clear,
0824   047C D3 84               OUT   (DISPLY),A     ;and clear display latch
0825   047E F6 40               OR    40H            ;keep D6 high
0826   0480 D3 85               OUT   (SCAN),A       ;use it to turn off scan
0827   0482 E1                  POP   HL
0828   0483 C1                  POP   BC
0829   0484 F1                  POP   AF             ;restore registers
0830   0485 C9                  RET
0831   0486             ;---------------------
0832   0486             ; CLEAR DISPLAY BUFFER
0833   0486             ;---------------------
0834   0486 E5          CLRBUF  PUSH  HL
0835   0487 C5                  PUSH  BC
0836   0488 21 31 3F            LD    HL,DISBUF
0837   048B 06 06               LD    B,6
0838   048D 36 00       CLRBF1  LD    (HL),00H       ;put zero in 6
0839   048F 23                  INC   HL             ;locations pointed
0840   0490 10 FB               DJNZ  CLRBF1         ;to by HL
0841   0492 C1                  POP   BC
0842   0493 E1                  POP   HL
0843   0494 C9                  RET
0844   0495             ;--------------
0845   0495             ; SCAN KEYBOARD
0846   0495             ;--------------
0847   0495             ; use the hardware or software scanned keyboard
0848   0495             ;
0849   0495             ; software scanned keyboard
0850   0495             ; uses display scan drivers for columns
0851   0495             ; and keyboard buffer as rows.
0852   0495             ; make each data line high in turn and check
0853   0495             ; if each individual pushbutton is pressed.
0854   0495             ;
0855   0495             ; entry : none
0856   0495             ; exit  : a = 00h if no key detected
0857   0495             ;         a = detected key bits 0-4
0858   0495             ;             bit 5 = HIGH key available
0859   0495             ; 
0860   0495             ; Bit 6 of the keyboard buffer is the serial input
0861   0495             ;
0862   0495 C5          SCANKEY PUSH  BC
0863   0496 D5                  PUSH  DE             ;save registers
0864   0497 E5                  PUSH  HL
0865   0498             ;
0866   0498             #IFDEF 74C923
0867   0498             ;
0868   0498             ;74c923 keyboard encoder
0869   0498             ;
0870   0498 DB 86              IN  A,(KEYBUF)        ;read hardware encoder
0871   049A E6 3F              AND 3FH               ;strip unused bits
0872   049C E1                 POP HL
0873   049D D1                 POP DE
0874   049E C1                 POP BC
0875   049F C9                 RET
0876   04A0~            #ELSE
0877   04A0~            ;
0878   04A0~            ; software scan keyboard 
0879   04A0~            ;
0880   04A0~            SCANKY1 XOR   A
0881   04A0~                    OUT   (DISPLY),A     ;clear display latch
0882   04A0~                    LD    B,A            ;key
0883   04A0~                    LD    D,A            ;count
0884   04A0~                    LD    E,01H          ;mask
0885   04A0~            SCANKY2 LD    C,08H          ;scan
0886   04A0~            SCANKY3 LD    A,C
0887   04A0~                    OR    40H            ;keep serial output bit high
0888   04A0~                    OUT   (SCAN),A       ;output scan
0889   04A0~                    NOP
0890   04A0~                    NOP
0891   04A0~                    NOP
0892   04A0~                    IN    A,(KEYBUF)     ;read key buffer
0893   04A0~                    AND   E              ;mask 
0894   04A0~                    JR    Z,SCANKY4      ;key not detected
0895   04A0~                    INC   D
0896   04A0~                    LD    L,B            ;save key
0897   04A0~            ;
0898   04A0~            ; end of rows?
0899   04A0~            ;
0900   04A0~            SCANKY4 INC   B              ;next key
0901   04A0~                    SRA   C              ;shift scan right
0902   04A0~                    JR    NC,SCANKY3     ;next row
0903   04A0~            ;
0904   04A0~            ; end of columns?
0905   04A0~            ;
0906   04A0~                    SLA   E              ;shift mask left
0907   04A0~                    BIT   5,E            ;end of keyscan?
0908   04A0~                    JR    Z,SCANKY2      ;next column
0909   04A0~            ;
0910   04A0~            ; end of scan
0911   04A0~            ;
0912   04A0~                    LD    A,D
0913   04A0~                    CP    00H
0914   04A0~                    JR    Z,SCANKY6      ;no key pressed
0915   04A0~                    CP    01H
0916   04A0~                    JR    NZ,SCANKY1     ;more than one key pressed
0917   04A0~            ;
0918   04A0~            ; one key detected
0919   04A0~            ;
0920   04A0~                    LD    A,40H          ;keep serial data out bit high
0921   04A0~                    OUT   (SCAN),A       ;clear scan reg
0922   04A0~                    LD    A,L            ;return key in ACC
0923   04A0~                    SET   5,A            ;set data available flag
0924   04A0~                    JR    SCANKY7
0925   04A0~            ;
0926   04A0~            ; no key
0927   04A0~            ;
0928   04A0~            SCANKY6 LD    A,40H          ;keep serial data out bit high
0929   04A0~                    OUT   (SCAN),A       ;clear scan reg
0930   04A0~                    XOR   A              ;clear ACC
0931   04A0~            SCANKY7 POP   HL
0932   04A0~                    POP   DE
0933   04A0~                    POP   BC
0934   04A0~                    RET
0935   04A0             #ENDIF
0936   04A0             ;-----------------------------
0937   04A0             ; SCAN DISPLAY UNTIL KEY PRESS
0938   04A0             ;-----------------------------
0939   04A0             ; entry : none
0940   04A0             ; exit  : a = key value 00h to 1fh
0941   04A0             ;         flag register modified
0942   04A0             ;
0943   04A0 CD 55 04    SKEYIN  CALL  SCAND          ;scan display
0944   04A3 CD 95 04            CALL  SCANKEY
0945   04A6 CB 6F               BIT   5,A
0946   04A8 28 F6               JR    Z,SKEYIN       ;no key press
0947   04AA E6 1F               AND   1FH            ;strip unused bits
0948   04AC C9                  RET
0949   04AD             ;-------------------------------
0950   04AD             ; SCAN DISPLAY UNTIL KEY RELEASE
0951   04AD             ;-------------------------------
0952   04AD             ; entry : none
0953   04AD             ; exit  : none
0954   04AD             ;
0955   04AD F5          SKEYRL  PUSH  AF
0956   04AE CD 55 04    SKEYL1  CALL  SCAND          ;scan display
0957   04B1 CD 95 04            CALL  SCANKEY
0958   04B4 CB 6F               BIT   5,A
0959   04B6 20 F6               JR    NZ,SKEYL1      ;key not released
0960   04B8 F1                  POP   AF
0961   04B9 C9                  RET
0962   04BA             ;-------------------
0963   04BA             ; WAIT FOR KEY PRESS
0964   04BA             ;-------------------
0965   04BA             ; entry : none
0966   04BA             ; exit  : a = key value 00h to 1fh
0967   04BA             ;         flag register modified
0968   04BA             ;
0969   04BA CD 95 04    KEYIN   CALL  SCANKEY
0970   04BD CB 6F               BIT   5,A
0971   04BF 28 F9               JR    Z,KEYIN        ;no key press
0972   04C1 E6 1F               AND   1FH            ;strip unused bits
0973   04C3 C9                  RET
0974   04C4             ;---------------------
0975   04C4             ; WAIT FOR KEY RELEASE
0976   04C4             ;---------------------
0977   04C4             ; entry : none
0978   04C4             ; exit  : none
0979   04C4             ;
0980   04C4 F5          KEYREL  PUSH  AF
0981   04C5 CD 95 04    KEYRL1  CALL  SCANKEY
0982   04C8 CB 6F               BIT   5,A
0983   04CA 20 F9               JR    NZ,KEYRL1
0984   04CC F1                  POP   AF
0985   04CD C9                  RET
0986   04CE             ;-----------------
0987   04CE             ; KEY MENU HANDLER
0988   04CE             ;-----------------
0989   04CE             ; compares acc against table of elements,
0990   04CE             ; if found jump to address corresponding to
0991   04CE             ; that element, returns if element not found.
0992   04CE             ; entry :  ACC = element to look for
0993   04CE             ;           HL = points to table
0994   04CE             ; exit  : element not found
0995   04CE             ;           HL holds address of last element
0996   04CE             ;         element found
0997   04CE             ;           control passes to jump address with
0998   04CE             ;           return address of menu call on stack
0999   04CE             ;
1000   04CE F5          MENU    PUSH  AF
1001   04CF C5                  PUSH  BC
1002   04D0 D5                  PUSH  DE             ;save registers
1003   04D1 E5                  PUSH  HL             ;calculate address
1004   04D2 16 00               LD    D,00H          ;of the jump table by
1005   04D4 5E                  LD    E,(HL)         ;adding the index to
1006   04D5 23                  INC   HL             ;the elements
1007   04D6 19                  ADD   HL,DE          ;to the addr of the
1008   04D7 54                  LD    D,H            ;table
1009   04D8 5D                  LD    E,L
1010   04D9 E1                  POP   HL
1011   04DA 46                  LD    B,(HL)         ;get number of entries
1012   04DB 23                  INC   HL             ;point to list of entries
1013   04DC BE          MENU1   CP    (HL)           ;compare with entry
1014   04DD 28 09               JR    Z,MENU2        ;found value in table
1015   04DF 23                  INC   HL             ;next entry in list
1016   04E0 13                  INC   DE             ;next entry in
1017   04E1 13                  INC   DE             ;jump table
1018   04E2 10 F8               DJNZ  MENU1          ;check more entries
1019   04E4 D1                  POP   DE
1020   04E5 C1                  POP   BC
1021   04E6 F1                  POP   AF
1022   04E7 C9                  RET                  ;not in table
1023   04E8             ;
1024   04E8             ; found element in the table
1025   04E8             ; pass control to the jump handler
1026   04E8             ;
1027   04E8 1A          MENU2   LD    A,(DE)         ;get the jump addr
1028   04E9 6F                  LD    L,A            ;from the table
1029   04EA 13                  inc   de             ;and jump to
1030   04EB 1A                  LD    A,(DE)         ;the jump address
1031   04EC 67                  LD    H,A            ;for that entry
1032   04ED D1                  POP   DE
1033   04EE C1                  POP   BC
1034   04EF F1                  POP   AF             ;restore registers
1035   04F0 E9                  JP    (HL)
1036   04F1             ;-------------------
1037   04F1             ; CALCULATE CHECKSUM
1038   04F1             ;-------------------
1039   04F1             ; calculates checksum between start and end (inclusive)
1040   04F1             ;
1041   04F1             ; entry : HL = start of block to sum
1042   04F1             ;         DE = end of block to sum
1043   04F1             ; exit  : ACC =  checksum
1044   04F1             ;         flag register modified
1045   04F1             ;
1046   04F1 E5          CHKSUM  PUSH  HL
1047   04F2 D5                  PUSH  DE
1048   04F3 13                  INC   DE             ;end of block+1
1049   04F4 AF                  XOR   A              ;clear checksum
1050   04F5 86          CHKSM1  ADD   A,(HL)         ;compute checksum
1051   04F6 23                  INC   HL             ;point to next element
1052   04F7 A7                  AND   A              ;set carry
1053   04F8 E5                  PUSH  HL
1054   04F9 ED 52               SBC   HL,DE          ;subtract
1055   04FB E1                  POP   HL
1056   04FC 38 F7               JR    C,CHKSM1       ;more elements
1057   04FE D1                  POP   DE
1058   04FF E1                  POP   HL
1059   0500 C9                  RET
1060   0501             ;--------------------------
1061   0501             ; ACCESS BYTE LOOK UP TABLE
1062   0501             ;--------------------------
1063   0501             ; use 8 bit index to access byte look
1064   0501             ; up table
1065   0501             ; entry :  ACC = number of element in table
1066   0501             ;           HL = address of look up table
1067   0501             ; exit :    HL = address of element number in ACC
1068   0501             ;
1069   0501 D5          INDEXB  PUSH  DE
1070   0502 5F                  LD    E,A            ;use de as index
1071   0503 16 00               LD    D,0            ;to element in table
1072   0505 19                  ADD   HL,DE          ;by adding to hl
1073   0506 D1                  POP   DE
1074   0507 C9                  RET
1075   0508             ;--------------------------
1076   0508             ; ACCESS WORD LOOK UP TABLE
1077   0508             ;--------------------------
1078   0508             ; use 8 bit index to access word look
1079   0508             ; up table
1080   0508             ; entry :  ACC = number of element in table
1081   0508             ;           HL = address of look up table
1082   0508             ; exit :    HL = address of 2 byte element number in ACC
1083   0508             ;
1084   0508 D5          INDEXW  PUSH  DE
1085   0509 5F                  LD    E,A
1086   050A CB 23               SLA   E              ;multiply by two
1087   050C 16 00               ld    d,0
1088   050E 19                  ADD   HL,DE
1089   050F D1                  POP   DE
1090   0510 C9                  RET
1091   0511             ;-------------------------------
1092   0511             ; GENERATE A QUASI-RANDOM NUMBER
1093   0511             ;-------------------------------
1094   0511             ; generate an 16 bit random number
1095   0511             ; using linear congruential method.
1096   0511             ;
1097   0511             ;     Rn+1 = (aRn+c) MOD m
1098   0511             ;
1099   0511             ; refresh register used for Rn and c
1100   0511             ;   entry : none
1101   0511             ;   exit  : HL = random word
1102   0511             ;   no registers modified
1103   0511             ;
1104   0511 F5          RAND    PUSH  AF
1105   0512 C5                  PUSH  BC
1106   0513 D5                  PUSH  DE             ;save registers
1107   0514             ;
1108   0514             ; calculate aRn
1109   0514             ;
1110   0514 ED 5F               LD    A,R            ;get a random seed from the refresh register
1111   0516 5F                  LD    E,A            ;multiply random number
1112   0517 16 00               LD    D,0            ;(rn) by
1113   0519 21 48 05            LD    HL,0548H       ;constant (a)
1114   051C CD 29 05            CALL  MUL16
1115   051F             ;
1116   051F             ; calculate aRn+c
1117   051F             ;
1118   051F ED 5F               LD    A,R            ;add it to another
1119   0521 06 00               LD    B,0            ;read of the
1120   0523 4F                  LD    C,A            ;the refresh
1121   0524 09                  ADD   HL,BC          ;register (c)
1122   0525 D1                  POP   DE
1123   0526 C1                  POP   BC
1124   0527 F1                  POP   AF             ;restore registers
1125   0528 C9                  RET
1126   0529             ;----------------------
1127   0529             ; 16 BIT MULTIPLICATION
1128   0529             ;----------------------
1129   0529             ; 16 bit multiply
1130   0529             ;  entry : HL = multiplicand (mpd)
1131   0529             ;          DE = multiplier (mpr)
1132   0529             ;  exit  : HL = result
1133   0529             ; from Zaks 'Programming the Z80'
1134   0529             ;
1135   0529 F5          MUL16   PUSH  AF
1136   052A C5                  PUSH  BC
1137   052B 4C                  LD    C,H            ;mpr(H)
1138   052C 7D                  LD    A,L            ;mpr(L)
1139   052D 06 10               LD    B,16           ;bit counter
1140   052F 21 00 00            LD    HL,0           ;clear result
1141   0532 CB 39       MULT    SRL   C              ;mpr (H)
1142   0534 1F                  RRA                  ;mpr (L)
1143   0535 30 01               JR    NC,MULT1       ;test carry
1144   0537 19                  ADD   HL,DE          ;add mpd to result
1145   0538 EB          MULT1   EX    DE,HL
1146   0539 29                  ADD   HL,HL          ;double -shift mpd left
1147   053A EB                  EX    DE,HL
1148   053B 10 F5               DJNZ  MULT           ;done?
1149   053D C1                  POP   BC
1150   053E F1                  POP   AF
1151   053F C9                  RET
1152   0540             ; music routine
1153   0540             ; adapted from talking electronics TEC-1
1154   0540             ; monitor MON-1
1155   0540             ; by John Hardy and Ken Stone
1156   0540             ;
1157   0540             ;----------------
1158   0540             ; MUSIC SEQUENCER
1159   0540             ;----------------
1160   0540             ; sequences through a table of notes
1161   0540             ; 1EH = repeat tune until reset
1162   0540             ; 1FH = play once and return
1163   0540             ;  entry : HL = address of note table
1164   0540             ;  exit : no registers modified
1165   0540 F5          MUSIC   PUSH  AF
1166   0541 C5                  PUSH  BC
1167   0542 D5                  PUSH  DE
1168   0543 E5                  PUSH  HL             ;save registers
1169   0544 E5                  PUSH  HL
1170   0545 EB                  EX    DE,HL          ;get address of music
1171   0546             ;
1172   0546             ; play each note in turn
1173   0546             ;
1174   0546 1A          STEP    LD    A,(DE)         ;get element from table
1175   0547 E6 1F               AND   1FH            ;strip unused bits
1176   0549             ;
1177   0549             ; if element is 00h pause for a while
1178   0549             ;
1179   0549 FE 00               CP    00H
1180   054B C2 5B 05            JP    NZ,STEP1
1181   054E 01 00 10            LD    BC,1000H
1182   0551 0B          PAUSE   DEC   BC
1183   0552 78                  LD    A,B
1184   0553 B1                  OR    C
1185   0554 C2 51 05            JP    NZ,PAUSE       ;loop until DE = 0
1186   0557 13                  INC   DE             ;point to next element
1187   0558 C3 46 05            JP    STEP
1188   055B             ;
1189   055B             ; if element is 1EH repeat tune
1190   055B             ;
1191   055B FE 1E       STEP1   CP    1EH
1192   055D C2 65 05            JP    NZ,STEP2
1193   0560 D1                  POP   DE             ;get table address back
1194   0561 D5                  PUSH  DE             ;save it for later
1195   0562 C3 46 05            JP    STEP
1196   0565             ;
1197   0565             ; if element is 1FH return
1198   0565             ;
1199   0565 FE 1F       STEP2   CP    1FH            ;end of tune table?
1200   0567 C2 70 05            JP    NZ,STEP3
1201   056A E1                  POP   HL
1202   056B E1                  POP   HL
1203   056C D1                  POP   DE
1204   056D C1                  POP   BC
1205   056E F1                  POP   AF
1206   056F C9                  RET
1207   0570             ;
1208   0570             ; now play the note
1209   0570             ;
1210   0570 47          STEP3   LD    B,A            ;save element in B
1211   0571 21 8C 05            LD    HL,PERIOD      ;point to period/2 table
1212   0574 CD 01 05            CALL  INDEXB         ;get period/2
1213   0577 7E                  LD    A,(HL)         ;get element
1214   0578 F5                  PUSH  AF             ;save for later
1215   0579 78                  LD    A,B            ;get element back in a
1216   057A 21 A4 05            LD    HL,LENGTH      ;point to duration/2 table
1217   057D CD 01 05            CALL  INDEXB         ;get duration/2
1218   0580 7E                  LD    A,(HL)         ;get element
1219   0581 6F                  LD    L,A
1220   0582 26 00               LD    H,0            ;hl = duration/2
1221   0584 F1                  POP   AF
1222   0585 CD BD 05            CALL  TONE           ;do note routine
1223   0588 13                  INC   DE
1224   0589 C3 46 05            JP    STEP           ;step to next element
1225   058C             ;
1226   058C             ; period/2 of note
1227   058C             ;
1228   058C 8C 83 7C 75 PERIOD  .DB 8CH,83H,7CH,75H,70H,67H,62H,5CH
1228   0590 70 67 62 5C 
1229   0594 57 52 4E 48         .DB 57H,52H,4EH,48H,45H,41H,3CH,39H
1229   0598 45 41 3C 39 
1230   059C 36 32 2F 2C         .DB 36H,32H,2FH,2CH,2AH,27H,25H,23H
1230   05A0 2A 27 25 23 
1231   05A4             ;
1232   05A4             ; note duration/2
1233   05A4             ;
1234   05A4 19 1A 1C 1D LENGTH  .DB 19H,1AH,1CH,1DH,1EH,20H,23H,25H
1234   05A8 1E 20 23 25 
1235   05AC 27 29 2C 2E         .DB 27H,29H,2CH,2EH,31H,33H,37H,3AH
1235   05B0 31 33 37 3A 
1236   05B4 3D 41 45 49         .DB 3DH,41H,45H,49H,4DH,52H,57H,5CH
1236   05B8 4D 52 57 5C 
1237   05BC 10                  .DB 10H
1238   05BD             ;
1239   05BD             ; tone routine
1240   05BD             ; adapted from Talking Electronics TEC-1
1241   05BD             ; monitor MON-1
1242   05BD             ; by John Hardy and Ken Stone
1243   05BD             ;
1244   05BD             ;--------------
1245   05BD             ; OUTPUT A TONE
1246   05BD             ;--------------
1247   05BD             ;
1248   05BD             ; entry : ACC = period/2 of note
1249   05BD             ;         HL  = duration/2 of note
1250   05BD             ; exit  : no registers modified
1251   05BD F5          TONE    PUSH  AF
1252   05BE C5                  PUSH  BC
1253   05BF D5                  PUSH  DE
1254   05C0 E5                  PUSH  HL
1255   05C1 11 01 00            LD    DE,0001H
1256   05C4 4F                  LD    C,A
1257   05C5 29                  ADD   HL,HL          ;double duration
1258   05C6 AF                  XOR   A
1259   05C7 EE 80       TONE1   XOR   80H            ;toggle speaker bit
1260   05C9 F6 40               OR    40H            ;keep D6 high
1261   05CB D3 85               OUT   (SCAN),A       ;output speaker bit
1262   05CD 41                  LD    B,C
1263   05CE C5          TONE2   PUSH  BC
1264   05CF 06 02               LD    B,02H
1265   05D1 10 FE       TONE3   DJNZ  TONE3          ;delay for period/2
1266   05D3 C1                  POP   BC
1267   05D4 10 F8               DJNZ  TONE2          ;delay for period/2
1268   05D6 ED 52               SBC   HL,DE          ;end of note?
1269   05D8 20 ED               JR    NZ,TONE1       ;do again
1270   05DA E1                  POP   HL
1271   05DB D1                  POP   DE
1272   05DC C1                  POP   BC
1273   05DD F1                  POP   AF
1274   05DE C9                  RET
1275   05DF             ;---------------
1276   05DF             ; KEY ENTRY BEEP
1277   05DF             ;---------------
1278   05DF E5          BEEP    PUSH  HL
1279   05E0 F5                  PUSH  AF
1280   05E1 21 39 3F            LD    HL,MODE
1281   05E4 CB 76               BIT   6,(HL)         ;beep enabled?
1282   05E6 28 0E               JR    Z,BEEP2        ;beep is enabled
1283   05E8             ;
1284   05E8             ; do keypress delay
1285   05E8             ;
1286   05E8 D5                  PUSH  DE            ;do a short
1287   05E9 11 01 00            LD    DE,0001H      ;delay to prevent
1288   05EC 2A 23 3F            LD    HL,(KEYTIM)   ;recognition
1289   05EF ED 52       BEEP1   SBC   HL,DE         ;of double
1290   05F1 30 FC               JR    NC,BEEP1      ;key strokes
1291   05F3 D1                  POP   DE
1292   05F4 18 10               JR    BEEP3
1293   05F6             ;
1294   05F6             ; output keypress tones
1295   05F6             ;
1296   05F6 3E 24       BEEP2   LD    A,24H
1297   05F8 21 30 00            LD    HL,0030H
1298   05FB CD BD 05            CALL  TONE           ;do first tone
1299   05FE 3E 0E               LD    A,0EH
1300   0600 21 50 00            LD    HL,0050H
1301   0603 CD BD 05            CALL  TONE           ;do second tone
1302   0606 F1          BEEP3   POP   AF
1303   0607 E1                  POP   HL
1304   0608 C9                  RET
1305   0609             ;----------------------------------------
1306   0609             ; BREAKPOINT AND SINGLE STEPPING ROUTINES
1307   0609             ;----------------------------------------
1308   0609             ; displays and modifies registers after breakpoint
1309   0609             ; (RST 38H) or single step interrupt (if hardware
1310   0609             ; attached).
1311   0609             ; insert RST 38H (FFH) in program to examine
1312   0609             ; and modify registers.
1313   0609             ;
1314   0609 E1          SSTEP   POP   HL             ;get hl back
1315   060A F5                  PUSH  AF             ;save af for later
1316   060B 22 49 3F            LD    (TMPHL),HL
1317   060E ED 53 47 3F         LD    (TMPDE),DE
1318   0612 ED 43 45 3F         LD    (TMPBC),BC
1319   0616 DD 22 4B 3F         LD    (TMPIX),IX
1320   061A FD 22 4D 3F         LD    (TMPIY),IY     ;save registers
1321   061E E1                  POP   HL             ;get af back
1322   061F 22 43 3F            LD    (TMPAF),HL     ;save AF
1323   0622 E1                  POP   HL             ;get pc return address
1324   0623 22 41 3F            LD    (TMPPC),HL     ;save PC
1325   0626 ED 73 4F 3F         LD    (TMPSP),SP     ;save stack pointer
1326   062A             ;
1327   062A             ; step through,display and edit registers
1328   062A             ;
1329   062A CD DF 05            CALL  BEEP
1330   062D 3A 3F 3F            LD    A,(REGPNT)     ;get current reg
1331   0630 E6 07               AND   7              ;make sure in limits
1332   0632 32 3F 3F            LD    (REGPNT),A     ;save it
1333   0635 CD 12 07    SSTEP1  CALL  SETREG         ;set up display buffer
1334   0638 CD AD 04            CALL  SKEYRL         ;wait for a key
1335   063B CD A0 04            CALL  SKEYIN         ;wait for key release
1336   063E 21 47 06            LD    HL,REGTBL      ;handle the key
1337   0641 CD CE 04            CALL  MENU           ;and update display
1338   0644 C3 35 06            JP    SSTEP1         ;before returning to loop
1339   0647             ;
1340   0647             ; register display key table
1341   0647             ;
1342   0647 14          REGTBL  .DB 14H
1343   0648 00 01 02 03         .DB 00H,01H,02H,03H,04H,05H,06H,07H
1343   064C 04 05 06 07 
1344   0650 08 09 0A 0B         .DB 08H,09H,0AH,0BH,0CH,0DH,0EH,0FH
1344   0654 0C 0D 0E 0F 
1345   0658 10 11 12 13         .DB 10H,11H,12H,13H
1346   065C 94 06 94 06         .DW REGKEY,REGKEY,REGKEY,REGKEY
1346   0660 94 06 94 06 
1347   0664 94 06 94 06         .DW REGKEY,REGKEY,REGKEY,REGKEY
1347   0668 94 06 94 06 
1348   066C 94 06 94 06         .DW REGKEY,REGKEY,REGKEY,REGKEY
1348   0670 94 06 94 06 
1349   0674 94 06 94 06         .DW REGKEY,REGKEY,REGKEY,REGKEY
1349   0678 94 06 94 06 
1350   067C BB 06 C5 06         .DW RETMON,RETPGM,INCSTP,DECSTP
1350   0680 E7 06 FC 06 
1351   0684             ;
1352   0684             ; register name characters
1353   0684             ;
1354   0684 39 73       REGNAM  .DW 7339H
1355   0686 71 77 39 7C         .DW 7771H,7C39H,5E79H
1355   068A 79 5E 
1356   068C 38 74 76 06         .DW 7438H,0676H,066EH
1356   0690 6E 06 
1357   0692 73 6D               .DW 6D73H
1358   0694             ;--------------
1359   0694             ; EDIT REGISTER
1360   0694             ;--------------
1361   0694 CD DF 05    REGKEY  CALL  BEEP
1362   0697 F5                  PUSH  AF             ;save key for later
1363   0698 3A 3F 3F            LD    A,(REGPNT)
1364   069B             ;
1365   069B             ; edit register
1366   069B             ;
1367   069B 21 41 3F            LD    HL,TMPPC
1368   069E CD 08 05            CALL  INDEXW
1369   06A1 4E                  LD    C,(HL)
1370   06A2 23                  INC   HL
1371   06A3 46                  LD    B,(HL)         ;get reg contents
1372   06A4 CB 21               SLA   C
1373   06A6 CB 10               RL    B
1374   06A8 CB 21               SLA   C
1375   06AA CB 10               RL    B
1376   06AC CB 21               SLA   C
1377   06AE CB 10               RL    B              ;shift register
1378   06B0 CB 21               SLA   C              ;four bits
1379   06B2 CB 10               RL    B              ;left and
1380   06B4 F1                  POP   AF             ;put the key
1381   06B5 B1                  OR    C              ;into the lsn
1382   06B6 4F                  LD    C,A            ;and put the
1383   06B7 70                  LD    (HL),B         ;register back
1384   06B8 2B                  DEC   HL             ;where it belongs
1385   06B9 71                  LD   (HL),C
1386   06BA C9                  RET
1387   06BB             ;------------------
1388   06BB             ; RETURN TO MONITOR
1389   06BB             ;------------------
1390   06BB CD DF 05    RETMON  CALL  BEEP
1391   06BE CD AD 04            CALL  SKEYRL
1392   06C1 FB                  EI                   ;enable interrupts again
1393   06C2 C3 85 02            JP    MAIN
1394   06C5             ;------------------
1395   06C5             ; RETURN TO PROGRAM
1396   06C5             ;------------------
1397   06C5 ED 7B 4F 3F RETPGM  LD    SP,(TMPSP)     ;put stack pointer back
1398   06C9 2A 41 3F            LD    HL,(TMPPC)     ;put return
1399   06CC E5                  PUSH  HL             ;address back on stack
1400   06CD 2A 43 3F            LD    HL,(TMPAF)
1401   06D0 E5                  PUSH  HL             ;save af reg for later
1402   06D1 FD 2A 4D 3F         LD    IY,(TMPIY)
1403   06D5 DD 2A 4B 3F         LD    IX,(TMPIX)
1404   06D9 ED 4B 45 3F         LD    BC,(TMPBC)
1405   06DD ED 5B 47 3F         LD    DE,(TMPDE)     ;restore registers
1406   06E1 F1                  POP   AF             ;restore AF
1407   06E2 2A 49 3F            LD    HL,(TMPHL)     ;restore HL
1408   06E5 FB                  EI                   ;enable interrupts
1409   06E6 C9                  RET                  ;and return to program
1410   06E7             ;----------------------
1411   06E7             ; display next register
1412   06E7             ;----------------------
1413   06E7 CD DF 05    INCSTP  CALL  BEEP
1414   06EA 3A 3F 3F            LD    A,(REGPNT)
1415   06ED FE 07               CP    7              ;end of reg table?
1416   06EF CA F7 06            jp    z,INCSP1
1417   06F2 3C                  INC   A
1418   06F3 32 3F 3F            LD    (REGPNT),A
1419   06F6 C9                  RET
1420   06F7 AF          INCSP1  XOR   A
1421   06F8 32 3F 3F            LD   (REGPNT),A
1422   06FB C9                  RET
1423   06FC             ;--------------------------
1424   06FC             ; display previous register
1425   06FC             ;--------------------------
1426   06FC CD DF 05    DECSTP  CALL  BEEP
1427   06FF 3A 3F 3F            LD    A,(REGPNT)
1428   0702 FE 00               CP    0              ;start of reg table?
1429   0704 CA 0C 07            JP    Z,DECSP1
1430   0707 3D                  DEC   A
1431   0708 32 3F 3F            LD    (REGPNT),A
1432   070B C9                  RET
1433   070C 3E 07       DECSP1  LD    A,7
1434   070E 32 3F 3F            LD    (REGPNT),A
1435   0711 C9                  RET
1436   0712             ;-----------------
1437   0712             ; display register
1438   0712             ;-----------------
1439   0712 3A 3F 3F    SETREG  LD    A,(REGPNT)
1440   0715 21 41 3F            LD    HL,TMPPC       ;start of table
1441   0718 CD 08 05            CALL  INDEXW         ;get element address
1442   071B 5E                  LD    E,(HL)
1443   071C 23                  INC   HL
1444   071D 56                  LD    D,(HL)
1445   071E EB                  EX    DE,HL          ;load register contents
1446   071F CD 07 04            CALL  DISADD
1447   0722             ;
1448   0722             ; display register name
1449   0722             ;
1450   0722 21 84 06            LD    HL,REGNAM
1451   0725 CD 08 05            CALL  INDEXW
1452   0728 7E                  LD    A,(HL)
1453   0729 32 31 3F            LD    (DISBUF+0),A
1454   072C 23                  INC   HL
1455   072D 7E                  LD    A,(HL)
1456   072E 32 32 3F            LD    (DISBUF+1),A
1457   0731 C9                  RET
1458   0732             ;------------------
1459   0732             ; function key menu
1460   0732             ;------------------
1461   0732             ; when the Fn key is pressed, Fn is displayed in the
1462   0732             ; data displays, the current address remains in the
1463   0732             ; address displays. The program then waits for a
1464   0732             ; keypress which will select 1 of 16 routines.
1465   0732             ;
1466   0732 CD 3C 03    FUNKEY  CALL  AUTRST
1467   0735 CD DF 05            CALL  BEEP
1468   0738 2A 3B 3F    FUNKY1  LD    HL,(ADRESS)
1469   073B CD 07 04            CALL  DISADD          ;disp addr to remove dp's
1470   073E 21 54 71            LD    HL,7154H        ;Fn
1471   0741 22 31 3F            LD    (DISBUF),HL     ;display Fn
1472   0744 CD AD 04            CALL  SKEYRL         ;wait for key release
1473   0747 CD A0 04    FUNKY2  CALL  SKEYIN
1474   074A 2A 15 3F            LD    HL,(FUNTBL)    ;use the menu handler
1475   074D CD CE 04            CALL  MENU           ;routine for each key
1476   0750             ;
1477   0750             ; return to main
1478   0750             ;
1479   0750 CD DF 05    CANCEL  CALL  BEEP
1480   0753 CD A3 03    CANCL1  CALL  UPDATE         ;update display buffer
1481   0756 CD AD 04            CALL  SKEYRL         ;wait for key release
1482   0759 C9                  RET
1483   075A             ;
1484   075A             ; function menu key table
1485   075A             ;
1486   075A 11          FUNLST  .DB 11H
1487   075B 00 01 02 03         .DB 00H,01H,02H,03H,04H,05H,06H,07H
1487   075F 04 05 06 07 
1488   0763 08 09 0A 0B         .DB 08H,09H,0AH,0BH,0CH,0DH,0EH,0FH
1488   0767 0C 0D 0E 0F 
1489   076B 10                  .DB 10H ;FN KEY
1490   076C 92 07 9C 07         .DW GOEXEC,INTELFN,ADDRA,ADDRB
1490   0770 86 08 98 08 
1491   0774 AA 08 00 09         .DW BLKMVE,BLKSUM,BRANCH,TRACE
1491   0778 3E 09 75 09 
1492   077C 96 09 A5 09         .DW PLAY1,PLAY2,PLAY3,SWBEEP
1492   0780 B4 09 C3 09 
1493   0784 5D 0A DE 0B         .DW SECRET,RELSQR,SCOPE,TIME
1493   0788 36 0C E5 0C 
1494   078C 8E 07               .DW FUNFUN
1495   078E             ;-----------------------
1496   078E             ; call function function
1497   078E             ;-----------------------
1498   078E 2A 2F 3F    FUNFUN  LD    HL,(FUNJMP)
1499   0791 E9                  JP    (HL)
1500   0792             ;------------------------------------------
1501   0792             ; function 0 - execute from current address
1502   0792             ;------------------------------------------
1503   0792 CD DF 05    GOEXEC  CALL  BEEP
1504   0795 CD C4 04            CALL  KEYREL
1505   0798             ;   POP HL  ;remove exec return
1506   0798 2A 3B 3F            LD    HL,(ADRESS)
1507   079B E9                  JP    (HL)           ;start execuction
1508   079C             ;------------------------------------
1509   079C             ; function 1 receive intel hex format
1510   079C             ;------------------------------------
1511   079C CD DF 05    INTELFN CALL  BEEP
1512   079F CD C4 04            CALL  KEYREL
1513   07A2 CD AB 07            CALL  INTELH
1514   07A5 C2 C9 08            JP    NZ,BLKMV1      ;show the error
1515   07A8 C3 50 07            JP    CANCEL         ;just return if all ok
1516   07AB             ;--------------------------
1517   07AB             ; INTEL hex file downloader
1518   07AB             ;--------------------------
1519   07AB AF          INTELH  XOR   A              ;clear
1520   07AC 4F                  LD    C,A            ;calculated checksum
1521   07AD             ;
1522   07AD             ; wait for the record mark ':'
1523   07AD             ;
1524   07AD CD 4C 08    WMARK   CALL  RXDATA         ;wait for the record mark
1525   07B0 FE 3A               CP    ':'            ;to be transmitted
1526   07B2 20 F9               JR    NZ,WMARK
1527   07B4             ;
1528   07B4             ; get the record length
1529   07B4             ;
1530   07B4 CD D9 07            CALL  GETBYT
1531   07B7 47                  LD    B,A            ;the number of data bytes
1532   07B8             ;
1533   07B8             ; get the address
1534   07B8             ;
1535   07B8 CD D9 07            CALL  GETBYT
1536   07BB 67                  LD    H,A            ;the address high byte
1537   07BC CD D9 07            CALL  GETBYT
1538   07BF 6F                  LD    L,A            ;the address low byte
1539   07C0             ;
1540   07C0             ; get the record type
1541   07C0             ;
1542   07C0 CD D9 07            CALL  GETBYT
1543   07C3 20 0D               JR    NZ,CKSUM       ;end of file record
1544   07C5             ;
1545   07C5             ; C=checksum
1546   07C5             ; B=number of data bytes
1547   07C5             ; HL=destination address
1548   07C5             ;
1549   07C5 CD D9 07    LBYTES  CALL  GETBYT         ;get the record bytes
1550   07C8 77                  LD    (HL),A         ;and save to RAM
1551   07C9 23                  INC   HL             ;until there are
1552   07CA 10 F9               DJNZ  LBYTES         ;no more
1553   07CC CD D2 07            CALL  CKSUM          ;checksum ok?
1554   07CF 28 DA               JR    Z,INTELH       ;checksum ok, get next record
1555   07D1 C9                  RET                  ;checksum error a>0
1556   07D2             ;
1557   07D2             ; the sum of all the bytes (except record mark )
1558   07D2             ; including the checksum equals zero
1559   07D2             ;
1560   07D2 CD D9 07    CKSUM   CALL  GETBYT
1561   07D5 79                  LD    A,C
1562   07D6 F6 00               OR    00H            ;checksum ok  a=0
1563   07D8 C9                  RET
1564   07D9             ;
1565   07D9             ; get and convert two characters to byte
1566   07D9             ;
1567   07D9 CD 4C 08    GETBYT  CALL  RXDATA         ;get the high nibble
1568   07DC CB 77               BIT   6,A            ;convert ASCII A-F
1569   07DE 28 02               JR    Z,GETBYT1      ;into lower
1570   07E0 C6 09               ADD   A,09H          ;nibble hex
1571   07E2 E6 0F       GETBYT1 AND   0FH
1572   07E4 CB 27               SLA   A
1573   07E6 CB 27               SLA   A
1574   07E8 CB 27               SLA   A
1575   07EA CB 27               SLA   A
1576   07EC 57                  LD    D,A
1577   07ED CD 4C 08            CALL  RXDATA         ;get the low nibble
1578   07F0 CB 77               BIT   6,A            ;convert ascii a-f
1579   07F2 28 02               JR    Z,GETBYT2      ;into lower
1580   07F4 C6 09               ADD   A,09H          ;nibble hex
1581   07F6 E6 0F       GETBYT2 AND   0FH
1582   07F8 B2                  OR    D              ;make a byte
1583   07F9 F5                  PUSH  AF
1584   07FA 81                  ADD   A,C            ;add to
1585   07FB 4F                  LD    C,A            ;the checksum
1586   07FC F1                  POP   AF             ;and return the received byte
1587   07FD C9                  RET
1588   07FE             ;-------------------------------
1589   07FE             ; CONVERT ASCII CHARACTER TO HEX
1590   07FE             ;-------------------------------
1591   07FE             ; converts ascii 0-9,a-f into hex lsn
1592   07FE             ;  entry : a= ascii 0-9,a-f
1593   07FE             ;  exit  : a= hex 0-f in lsn
1594   07FE             ;  a and f registers modified
1595   07FE             ;
1596   07FE CB 77       ASCHEX  BIT   6,A
1597   0800 28 02               JR    Z,ASCHX1
1598   0802 C6 09               ADD   A,09H
1599   0804 E6 0F       ASCHX1  AND   0FH
1600   0806 C9                  RET
1601   0807             ;------------------------------------
1602   0807             ; BIT BANG SERIAL PORT INITIALISATION
1603   0807             ;------------------------------------
1604   0807             ; set the serial transmit pin high so the 
1605   0807             ; host can see that we are preparing to transmit
1606   0807             ; 
1607   0807             ; entry : HL = baud rate
1608   0807             ;         HL = 0 use existing baud constant
1609   0807             ; exit  : HL preserved
1610   0807             ;       ; AF modified
1611   0807             ;
1612   0807 3E 40       SERINI  LD    A,40H
1613   0809 D3 85               OUT   (SCAN),A       ;turn off the display make serial tx high
1614   080B 06 32               LD    B,50
1615   080D CD 17 08            CALL  MSDELAY        ;wait so the host sees tx high
1616   0810 7C                  LD    A,H
1617   0811 B5                  OR    L
1618   0812 C8                  RET   Z              ;hl is zero don't update the baud rate
1619   0813 22 21 3F            LD   (BAUD),HL       ;update the baud rate
1620   0816 C9                  RET 
1621   0817             ;------------------
1622   0817             ; MILLISECOND DELAY
1623   0817             ;------------------
1624   0817             ; approx. 1 millisecond delay
1625   0817             ; 
1626   0817             ; entry : B = 1 to 255 milliseconds
1627   0817             ; exit  : B = 0
1628   0817             ;
1629   0817 C5          MSDELAY PUSH  BC             ;11T
1630   0818 06 E9               LD    B,233          ;7T
1631   081A 00          MSDEL1  NOP                  ;4T
1632   081B 10 FD               DJNZ  MSDEL1         ;NZ=13T,Z=8T
1633   081D C1                  POP   BC             ;10T
1634   081E 10 F7               DJNZ  MSDELAY        ;NZ=13T,Z=8T
1635   0820 C9                  RET                  ;10T
1636   0821             ;------------------------
1637   0821             ; SERIAL TRANSMIT ROUTINE
1638   0821             ;------------------------
1639   0821             ; transmit byte serially on DOUT
1640   0821             ;
1641   0821             ; entry : ACC = byte to transmit
1642   0821             ;  exit : no registers modified
1643   0821             ;
1644   0821 F5          TXDATA  PUSH  AF
1645   0822 C5                  PUSH  BC
1646   0823 E5                  PUSH  HL
1647   0824 2A 21 3F            LD    HL,(BAUD)
1648   0827 4F                  LD    C,A
1649   0828             ;
1650   0828             ; transmit start bit
1651   0828             ;
1652   0828 AF                  XOR   A
1653   0829 D3 85               OUT   (SCAN),A
1654   082B CD 79 08            CALL  BITIME
1655   082E             ;
1656   082E             ; transmit data
1657   082E             ;
1658   082E 06 08               LD    B,08H
1659   0830 CB 09               RRC   C
1660   0832 CB 09       NXTBIT  RRC   C              ;shift bits to D6,
1661   0834 79                  LD    A,C            ;lsb first and output
1662   0835 E6 40               AND   40H            ;them for one bit time.
1663   0837 D3 85               OUT   (SCAN),A
1664   0839 CD 79 08            CALL  BITIME
1665   083C 10 F4               DJNZ  NXTBIT
1666   083E             ;
1667   083E             ; send stop bits
1668   083E             ;
1669   083E 3E 40               LD    A,40H
1670   0840 D3 85               OUT   (SCAN),A       ;make D6 high
1671   0842 CD 79 08            CALL  BITIME         ;transmit
1672   0845 CD 79 08            CALL  BITIME         ;two stop bits
1673   0848 E1                  POP   HL
1674   0849 C1                  POP   BC
1675   084A F1                  POP   AF
1676   084B C9                  RET
1677   084C             ;-----------------------
1678   084C             ; SERIAL RECEIVE ROUTINE
1679   084C             ;-----------------------
1680   084C             ; receive serial byte from DIN
1681   084C             ;
1682   084C             ; entry : none
1683   084C             ;  exit : ACC= received byte if carry clear
1684   084C             ;
1685   084C             ; registers modified ACC and F
1686   084C             ;
1687   084C C5          RXDATA  PUSH  BC
1688   084D E5                  PUSH  HL
1689   084E             ;
1690   084E             ; wait for start bit
1691   084E             ;
1692   084E DB 86       RXDAT1  IN    A,(KEYBUF)
1693   0850 CB 7F               BIT   7,A
1694   0852 20 FA               JR    NZ,RXDAT1      ;no start bit
1695   0854             ;
1696   0854             ; detected start bit
1697   0854             ;
1698   0854 2A 21 3F            LD    HL,(BAUD)
1699   0857 CB 3C               SRL   H
1700   0859 CB 1D               RR    L              ;delay for half bit time
1701   085B CD 79 08            CALL  BITIME
1702   085E DB 86               IN    A,(KEYBUF)
1703   0860 CB 7F               BIT   7,A
1704   0862 20 EA               JR    NZ,RXDAT1      ;start bit not valid
1705   0864             ;
1706   0864             ; detected valid start bit,read in data
1707   0864             ;
1708   0864 06 08               LD    B,08H
1709   0866 2A 21 3F    RXDAT2  LD    HL,(BAUD)
1710   0869 CD 79 08            CALL  BITIME         ;delay one bit time
1711   086C DB 86               IN    A,(KEYBUF)
1712   086E CB 17               RL    A
1713   0870 CB 19               RR    C              ;shift bit into data reg
1714   0872 10 F2               DJNZ  RXDAT2
1715   0874 79                  LD    A,C
1716   0875 B7                  OR    A              ;clear carry flag
1717   0876 E1                  POP   HL
1718   0877 C1                  POP   BC
1719   0878 C9                  RET
1720   0879             ;---------------
1721   0879             ; BIT TIME DELAY
1722   0879             ;---------------
1723   0879             ; delay for one serial bit time
1724   0879             ;  entry : HL = delay time
1725   0879             ; no registers modified
1726   0879             ;
1727   0879 E5          BITIME  PUSH  HL
1728   087A D5                  PUSH  DE
1729   087B 11 01 00            LD    DE,0001H
1730   087E ED 52       BITIM1  SBC   HL,DE
1731   0880 D2 7E 08            JP    NC,BITIM1
1732   0883 D1                  POP   DE
1733   0884 E1                  POP   HL
1734   0885 C9                  RET
1735   0886             ;-----------------------------
1736   0886             ; FUNCTION 2 - ENTER ADDRESS 1
1737   0886             ;-----------------------------
1738   0886 CD DF 05    ADDRA   CALL  BEEP
1739   0889 2A 3B 3F            LD    HL,(ADRESS)    ;copy current
1740   088C 22 29 3F            LD    (BLKSRT),HL    ;address as start
1741   088F 21 00 39            LD    HL,3900H       ;address [
1742   0892 CD F2 08            CALL  SDELAY
1743   0895 C3 53 07            JP    CANCL1
1744   0898             ;-----------------------------
1745   0898             ; FUNCTION 3 - ENTER ADDRESS 2
1746   0898             ;-----------------------------
1747   0898 CD DF 05    ADDRB   CALL  BEEP
1748   089B 2A 3B 3F            LD    HL,(ADRESS)    ;copy current
1749   089E 22 2B 3F            LD    (BLKEND),HL    ;address as end
1750   08A1 21 0F 00            LD    HL,000FH       ;address ]
1751   08A4 CD F2 08            CALL  SDELAY
1752   08A7 C3 53 07            JP    CANCL1
1753   08AA             ;------------------------
1754   08AA             ; FUNCTION 4 - BLOCK MOVE
1755   08AA             ;------------------------
1756   08AA CD DF 05    BLKMVE  CALL  BEEP
1757   08AD 2A 3B 3F            LD    HL,(ADRESS)    ;COPY CURRENT
1758   08B0 22 2D 3F            LD    (BLKDST),HL    ;ADDRESS AS
1759   08B3 21 0F 39            LD    HL,390FH       ;DESTINATION
1760   08B6 CD F2 08            CALL  SDELAY
1761   08B9             ;
1762   08B9             ; calculate number of bytes to move
1763   08B9             ;
1764   08B9 2A 2B 3F            LD    HL,(BLKEND)
1765   08BC ED 5B 29 3F         LD    DE,(BLKSRT)
1766   08C0 A7                  AND   A
1767   08C1 ED 52               SBC   HL,DE
1768   08C3 23                  INC   HL             ;make move inclusive
1769   08C4 22 27 3F            LD    (COUNT),HL
1770   08C7 30 15               JR    NC,BLKMV3      ;if ok move block
1771   08C9             ;
1772   08C9             ; show error
1773   08C9             ;
1774   08C9 21 79 00    BLKMV1  LD    HL,0079H       ;show error e
1775   08CC CD DF 05    BLKMV2  CALL  BEEP
1776   08CF 22 31 3F            LD    (DISBUF),HL    ;and wait
1777   08D2 CD A0 04            CALL  SKEYIN         ;for keypress
1778   08D5 CD DF 05            CALL  BEEP
1779   08D8 CD AD 04            CALL  SKEYRL
1780   08DB C3 53 07            JP    CANCL1
1781   08DE             ;
1782   08DE             ; move block
1783   08DE             ;
1784   08DE CD E4 08    BLKMV3  CALL  MOVE
1785   08E1 C3 53 07            JP    CANCL1
1786   08E4             ;-----------
1787   08E4             ; BLOCK MOVE
1788   08E4             ;-----------
1789   08E4 ED 4B 27 3F MOVE    LD    BC,(COUNT)
1790   08E8 2A 29 3F            LD    HL,(BLKSRT)    ;start addr
1791   08EB ED 5B 2D 3F         LD    DE,(BLKDST)    ;destination addr
1792   08EF ED B0               LDIR
1793   08F1 C9                  RET
1794   08F2             ;-------------------------------
1795   08F2             ; SCAN DISPLAY UNTIL KEY RELEASE
1796   08F2             ;-------------------------------
1797   08F2 22 31 3F    SDELAY  LD    (DISBUF),HL    ;show HL
1798   08F5 06 FF               LD    B,255          ;in data displays
1799   08F7 CD 55 04    SDELY1  CALL  SCAND          ;until key
1800   08FA 10 FB               DJNZ  SDELY1         ;is released
1801   08FC CD AD 04            CALL  SKEYRL
1802   08FF C9                  RET
1803   0900             ;---------------------------
1804   0900             ;FUNCTION 5 - BLOCK CHECKSUM
1805   0900             ;---------------------------
1806   0900 CD DF 05    BLKSUM  CALL  BEEP
1807   0903 21 6D 39            LD    HL,396DH       ;cs
1808   0906 CD F2 08            CALL  SDELAY         ;show prompt
1809   0909 ED 5B 29 3F         LD    DE,(BLKSRT)
1810   090D 2A 2B 3F            LD    HL,(BLKEND)
1811   0910 A7                  AND   A
1812   0911 ED 52               SBC   HL,DE
1813   0913 23                  INC   HL             ;make checksum inclusive
1814   0914 22 27 3F            LD    (COUNT),HL
1815   0917 30 03               JR    NC,BLKSM1      ;if ok sum block
1816   0919             ;
1817   0919             ; show error
1818   0919             ;
1819   0919 C3 C9 08            JP    BLKMV1
1820   091C             ;
1821   091C             ; calculate checksum
1822   091C             ;
1823   091C 2A 29 3F    BLKSM1  LD    HL,(BLKSRT)
1824   091F ED 5B 2B 3F         LD    DE,(BLKEND)
1825   0923 CD F1 04            CALL  CHKSUM         ;do the checksum,
1826   0926 CD 1C 04            CALL  DISBYT         ;display
1827   0929 2A 27 3F            LD    HL,(COUNT)     ;number of bytes
1828   092C CD 07 04            CALL  DISADD         ;summed and
1829   092F CD DF 05            CALL  BEEP
1830   0932 CD A0 04            CALL  SKEYIN         ;checksum until
1831   0935 CD DF 05            CALL  BEEP           ;a key is pressed
1832   0938 CD AD 04            CALL  SKEYRL
1833   093B C3 53 07            JP    CANCL1
1834   093E             ;----------------------------------------
1835   093E             ; FUNCTION 6 - RELATIVE BRANCH CALCULATOR
1836   093E             ;----------------------------------------
1837   093E CD DF 05    BRANCH  CALL  BEEP
1838   0941 21 7C 50            LD    HL,507CH       ;'rb'
1839   0944 CD F2 08            CALL  SDELAY
1840   0947 2A 3B 3F            LD    HL,(ADRESS)    ;get current address
1841   094A ED 5B 29 3F         LD    DE,(BLKSRT)
1842   094E 13                  INC   DE             ;point to PC+2
1843   094F A7                  AND   A
1844   0950 ED 52               SBC   HL,DE          ;subtract
1845   0952             ;
1846   0952             ; test high byte of result to
1847   0952             ; determine if backward branch
1848   0952             ;
1849   0952 7C                  LD    A,H
1850   0953 FE FF               CP    255            ;backward branch?
1851   0955 C2 60 09            JP    NZ,BRNCH1      ;check if forward
1852   0958             ;
1853   0958             ; check if we have branched beyond -128
1854   0958             ;
1855   0958 7D                  LD    A,L
1856   0959 CB 7F               BIT   7,A
1857   095B 20 0E               JR    NZ,BRNCH2      ;branch is within limits
1858   095D C3 C9 08            JP    BLKMV1         ;too far back
1859   0960             ;
1860   0960             ; test high byte of result to
1861   0960             ; determine if forward branch
1862   0960             ;
1863   0960 FE 00       BRNCH1  CP    0              ;forward branch?
1864   0962 C2 C9 08            JP    NZ,BLKMV1      ;too far in any direction
1865   0965             ;
1866   0965             ; check if we have branched beyond +128
1867   0965             ;
1868   0965 7D                  LD    A,L
1869   0966 CB 7F               BIT   7,A
1870   0968 C2 C9 08            JP    NZ,BLKMV1      ;too far forward
1871   096B             ;
1872   096B             ; within limits, put in RAM
1873   096B             ; and show as current address
1874   096B             ;
1875   096B 2A 29 3F    BRNCH2  LD    HL,(BLKSRT)
1876   096E 22 3B 3F            LD    (ADRESS),HL
1877   0971 77                  LD    (HL),A
1878   0972 C3 53 07            JP    CANCL1
1879   0975             ;-----------------------------------------
1880   0975             ; FUNCTION 7 - TOGGLE HARDWARE SINGLE STEP
1881   0975             ;-----------------------------------------
1882   0975 CD DF 05    TRACE   CALL  BEEP
1883   0978             ;
1884   0978             ; toggle IO7 for the original single-stepper
1885   0978             ;
1886   0978 D3 87               OUT   (IO7),A        ;toggle hardware latch
1887   097A             ;
1888   097A             ; toggle the refresh register bit 7
1889   097A             ;
1890   097A ED 5F               LD    A,R
1891   097C CB 7F               BIT   7,A
1892   097E 28 09               JR    Z,TRACE1       ;single step is off turn on
1893   0980 AF                  XOR   A
1894   0981 ED 4F               LD    R,A            ;turn off single stepper
1895   0983 21 3F 70            LD    HL,703FH       ;show 'T0' off
1896   0986 C3 90 09            JP    TRACE2
1897   0989             TRACE1
1898   0989 3E 80               LD    A,80H
1899   098B ED 4F               LD    R,A            ;turn on single stepper
1900   098D 21 06 70            LD    HL,7006H       ;show 'T1'on
1901   0990 CD F2 08    TRACE2  CALL  SDELAY
1902   0993 C3 53 07            JP    CANCL1
1903   0996             ;-------------------------
1904   0996             ; FUNCTION 8 - PLAY TUNE 1
1905   0996             ;-------------------------
1906   0996 CD DF 05    PLAY1   CALL  BEEP
1907   0999 CD C4 04            CALL  KEYREL
1908   099C 21 D1 09            LD    HL,TUNE1
1909   099F CD 40 05            CALL  MUSIC
1910   09A2 C3 53 07            JP    CANCL1
1911   09A5             ;-------------------------
1912   09A5             ; FUNCTION 9 - PLAY TUNE 2
1913   09A5             ;-------------------------
1914   09A5 CD DF 05    PLAY2   CALL  BEEP
1915   09A8 CD C4 04            CALL  KEYREL
1916   09AB 21 11 0A            LD    HL,TUNE2
1917   09AE CD 40 05            CALL  MUSIC
1918   09B1 C3 53 07            JP    CANCL1
1919   09B4             ;------------------------------
1920   09B4             ; FUNCTION A - PLAY TUNE IN RAM
1921   09B4             ;------------------------------
1922   09B4 CD DF 05    PLAY3   CALL  BEEP
1923   09B7 CD C4 04            CALL  KEYREL
1924   09BA 2A 3B 3F            LD    HL,(ADRESS)
1925   09BD CD 40 05            CALL  MUSIC
1926   09C0 C3 53 07            JP    CANCL1
1927   09C3             ;-----------------------------
1928   09C3             ; FUNCTION B - TOGGLE KEY BEEP
1929   09C3             ;-----------------------------
1930   09C3 CD DF 05    SWBEEP  CALL  BEEP
1931   09C6 3A 39 3F            LD    A,(MODE)
1932   09C9 EE 40               XOR   40H
1933   09CB 32 39 3F            LD    (MODE),A
1934   09CE C3 53 07            JP    CANCL1
1935   09D1             ;
1936   09D1             ; TUNE 1
1937   09D1             ; from Talking Electronics TEC-1 MONITOR, 
1938   09D1             ; MON-1 by John Hardy and Ken Stone
1939   09D1             ;
1940   09D1 06 06 0A 0D TUNE1   .DB 06H,06H,0AH,0DH,06H,0DH,0AH,0DH
1940   09D5 06 0D 0A 0D 
1941   09D9 12 16 14 12         .DB 12H,16H,14H,12H,0FH,11H,12H,0FH
1941   09DD 0F 11 12 0F 
1942   09E1 0D 0D 0D 0A         .DB 0DH,0DH,0DH,0AH,12H,0FH,0DH,0AH
1942   09E5 12 0F 0D 0A 
1943   09E9 08 06 08 0A         .DB 08H,06H,08H,0AH,0FH,0AH,0DH,0FH
1943   09ED 0F 0A 0D 0F 
1944   09F1 06 06 0A 0D         .DB 06H,06H,0AH,0DH,06H,0DH,0AH,0DH
1944   09F5 06 0D 0A 0D 
1945   09F9 12 16 14 12         .DB 12H,16H,14H,12H,0FH,11H,12H,0FH
1945   09FD 0F 11 12 0F 
1946   0A01 0D 0D 0D 0A         .DB 0DH,0DH,0DH,0AH,12H,0FH,0DH,0AH
1946   0A05 12 0F 0D 0A 
1947   0A09 08 06 08 0A         .DB 08H,06H,08H,0AH,06H,12H,00H,1EH
1947   0A0D 06 12 00 1E 
1948   0A11             ;
1949   0A11             ; TUNE 2
1950   0A11             ; from Talking Electronics TEC-1 monitor, 
1951   0A11             ; MON-1 by John Hardy and Ken Stone
1952   0A11             ;
1953   0A11 0B 0A 08 0A TUNE2   .DB 0BH,0AH,08H,0AH,0AH,0AH,06H,06H
1953   0A15 0A 0A 06 06 
1954   0A19 06 0B 0A 08         .DB 06H,0BH,0AH,08H,0AH,0AH,0AH,0AH
1954   0A1D 0A 0A 0A 0A 
1955   0A21 0A 0A 0B 0A         .DB 0AH,0AH,0BH,0AH,08H,0AH,0AH,0AH
1955   0A25 08 0A 0A 0A 
1956   0A29 06 06 06 0A         .DB 06H,06H,06H,0AH,08H,0AH,0DH,0DH
1956   0A2D 08 0A 0D 0D 
1957   0A31 0D 0D 0D 00         .DB 0DH,0DH,0DH,00H,0DH,05H,08H,0BH
1957   0A35 0D 05 08 0B 
1958   0A39 0B 0B 06 06         .DB 0BH,0BH,06H,06H,06H,0BH,0AH,08H
1958   0A3D 06 0B 0A 08 
1959   0A41 0A 0A 0A 06         .DB 0AH,0AH,0AH,06H,06H,06H,0BH,0AH
1959   0A45 06 06 0B 0A 
1960   0A49 06 08 08 08         .DB 06H,08H,08H,08H,08H,08H,0AH,0BH
1960   0A4D 08 08 0A 0B 
1961   0A51 0A 08 06 06         .DB 0AH,08H,06H,06H,06H,06H,06H,06H
1961   0A55 06 06 06 06 
1962   0A59 00 00 00 1E         .DB 00H,00H,00H,1EH
1963   0A5D             ;---------------------------
1964   0A5D             ; FUNCTION C - SECRET NUMBER
1965   0A5D             ;---------------------------
1966   0A5D CD DF 05    SECRET  CALL  BEEP           ;wait for key release
1967   0A60 CD C4 04            CALL  KEYREL         ;and clear display buffer
1968   0A63 CD 86 04            CALL  CLRBUF
1969   0A66 DD 21 00 3F         LD    IX,VARIDX      ;use ix for local variables
1970   0A6A             ;
1971   0A6A             ; separate nibbles in random number
1972   0A6A             ;
1973   0A6A CD 11 05            CALL  RAND
1974   0A6D DD 75 0B            LD    (IX+11),L
1975   0A70 DD 74 0C            LD    (IX+12),H      ;random number
1976   0A73 DD 7E 0B            LD    A,(IX+11)      ;separate the random
1977   0A76 CD CB 0B            CALL  SPLIT          ;number into
1978   0A79 DD 75 04            LD    (IX+4),L       ;four nibbles
1979   0A7C DD 74 05            LD    (IX+5),H       ;to make checking
1980   0A7F DD 7E 0C            LD    A,(IX+12)      ;against the
1981   0A82 CD CB 0B            CALL  SPLIT          ;guess easier
1982   0A85 DD 75 06            LD    (IX+6),L
1983   0A88 DD 74 07            LD    (IX+7),H
1984   0A8B AF                  XOR   A
1985   0A8C ED 47               LD    I,A            ;clear number of tries
1986   0A8E 21 00 00            LD    HL,0
1987   0A91 DD 75 08            LD    (IX+8),L
1988   0A94 DD 74 09            LD    (IX+9),H
1989   0A97 CD 07 04            CALL  DISADD         ;and display guess
1990   0A9A             ;
1991   0A9A             ; scan the keyboard
1992   0A9A             ;
1993   0A9A CD A0 04    SECRT1  CALL  SKEYIN         ;wait for key
1994   0A9D 21 A9 0A            LD    HL,SECNUM
1995   0AA0 CD CE 04            CALL  MENU           ;execute key handler
1996   0AA3 CD AD 04            CALL  SKEYRL         ;wait for key release
1997   0AA6 C3 9A 0A            JP    SECRT1
1998   0AA9             ;
1999   0AA9             ; secret number key table
2000   0AA9             ;
2001   0AA9 12          SECNUM  .DB 12H
2002   0AAA 00 01 02 03         .DB 00H,01H,02H,03H,04H,05H,06H,07H
2002   0AAE 04 05 06 07 
2003   0AB2 08 09 0A 0B         .DB 08H,09H,0AH,0BH,0CH,0DH,0EH,0FH
2003   0AB6 0C 0D 0E 0F 
2004   0ABA 10 11               .DB 10H,11H
2005   0ABC E0 0A E0 0A         .DW EDTKEY,EDTKEY,EDTKEY,EDTKEY
2005   0AC0 E0 0A E0 0A 
2006   0AC4 E0 0A E0 0A         .DW EDTKEY,EDTKEY,EDTKEY,EDTKEY
2006   0AC8 E0 0A E0 0A 
2007   0ACC E0 0A E0 0A         .DW EDTKEY,EDTKEY,EDTKEY,EDTKEY
2007   0AD0 E0 0A E0 0A 
2008   0AD4 E0 0A E0 0A         .DW EDTKEY,EDTKEY,EDTKEY,EDTKEY
2008   0AD8 E0 0A E0 0A 
2009   0ADC 07 0B 10 0B         .DW ENDKEY,CHKKEY
2010   0AE0             ;
2011   0AE0             ; edit guess key
2012   0AE0             ;
2013   0AE0 F5          EDTKEY  PUSH  AF
2014   0AE1 DD 6E 08            LD    L,(IX+8)
2015   0AE4 DD 66 09            LD    H,(IX+9)       ;get current guess
2016   0AE7 CB 25               SLA   L
2017   0AE9 CB 14               RL    H              ;and do a 16 bit
2018   0AEB CB 25               SLA   L              ;left shift 4 times
2019   0AED CB 14               RL    H              ;to make room
2020   0AEF CB 25               SLA   L              ;for the new key
2021   0AF1 CB 14               RL    H
2022   0AF3 CB 25               SLA   L
2023   0AF5 CB 14               RL    H
2024   0AF7 F1                  POP   AF
2025   0AF8 B5                  OR    L              ;it in the least
2026   0AF9 6F                  LD    L,A            ;significant nibble
2027   0AFA DD 75 08            LD    (IX+8),L
2028   0AFD DD 74 09            LD    (IX+9),H       ;save guess
2029   0B00 CD 07 04            CALL  DISADD
2030   0B03 CD DF 05            CALL  BEEP
2031   0B06 C9                  RET
2032   0B07             ;
2033   0B07             ; quit game
2034   0B07             ;
2035   0B07 CD DF 05    ENDKEY  CALL  BEEP           ;wait for key release
2036   0B0A CD C4 04            CALL  KEYREL         ;and return to
2037   0B0D C3 85 02            JP    MAIN           ;monitor
2038   0B10             ;
2039   0B10             ; see if its the right guess
2040   0B10             ;
2041   0B10 CD DF 05    CHKKEY  CALL  BEEP
2042   0B13 ED 57               LD    A,I
2043   0B15 3C                  INC   A
2044   0B16 27                  DAA                  ;inc bcd No. of tries
2045   0B17             ;
2046   0B17             ; briefly show guess No.
2047   0B17             ;
2048   0B17 ED 47               LD    I,A
2049   0B19 CD 1C 04            CALL  DISBYT
2050   0B1C 06 FF               LD    B,255
2051   0B1E CD 55 04    CHKKY1  CALL  SCAND
2052   0B21 10 FB               DJNZ  CHKKY1
2053   0B23             ;
2054   0B23             ; separate guess into nibbles
2055   0B23             ;
2056   0B23 DD 7E 08            LD    A,(IX+8)       ;get current guess
2057   0B26 CD CB 0B            CALL  SPLIT          ;number into
2058   0B29 DD 75 00            LD    (IX+0),L       ;four nibbles
2059   0B2C DD 74 01            LD    (IX+1),H       ;to make checking
2060   0B2F DD 7E 09            LD    A,(IX+9)       ;against the
2061   0B32 CD CB 0B            CALL  SPLIT          ;guess easier
2062   0B35 DD 75 02            LD    (IX+2),L
2063   0B38 DD 74 03            LD    (IX+3),H
2064   0B3B             ;
2065   0B3B             ; check for correct number,correct spot
2066   0B3B             ;
2067   0B3B AF                  XOR   A
2068   0B3C DD 77 0A            LD    (IX+10),A      ;clear result
2069   0B3F 21 04 3F            LD    HL,VARIDX+4    ;point to random
2070   0B42 11 00 3F            LD    DE,VARIDX      ;point to guess
2071   0B45 06 04               LD    B,4            ;number of digits
2072   0B47 7E          CHKKY2  LD    A,(HL)         ;get random
2073   0B48 EB                  EX    DE,HL
2074   0B49 BE                  CP    (HL)           ;same as guess?
2075   0B4A 20 10               JR    NZ,CHKKY4      ;not same
2076   0B4C DD 7E 0A            LD    A,(IX+10)
2077   0B4F C6 10               ADD   A,10H          ;right position
2078   0B51 DD 77 0A            LD    (IX+10),A
2079   0B54 23          CHKKY3  INC   HL             ;point to next
2080   0B55 EB                  EX    DE,HL          ;digit position
2081   0B56 23                  INC   HL             ;and go
2082   0B57 10 EE               DJNZ  CHKKY2         ;check other positions
2083   0B59 C3 78 0B            JP    CHKKY8
2084   0B5C             ;
2085   0B5C             ; check if number is there
2086   0B5C             ;
2087   0B5C C5          CHKKY4  PUSH  BC
2088   0B5D E5                  PUSH  HL
2089   0B5E 06 04               LD    B,4            ;check each digit
2090   0B60 21 00 3F            LD    HL,VARIDX      ;to see if this
2091   0B63 BE          CHKKY5  CP    (HL)           ;number is in
2092   0B64 23                  INC   HL             ;the wrong
2093   0B65 20 0A               JR    NZ,CHKKY6      ;position
2094   0B67 DD 7E 0A            LD    A,(IX+10)      ;and update
2095   0B6A 3C                  INC   A              ;the result
2096   0B6B DD 77 0A            LD    (IX+10),A
2097   0B6E C3 73 0B            JP    CHKKY7
2098   0B71 10 F0       CHKKY6  DJNZ  CHKKY5
2099   0B73 E1          CHKKY7  POP   HL
2100   0B74 C1                  POP   BC
2101   0B75 C3 54 0B            JP    CHKKY3         ;check next digit
2102   0B78             ;
2103   0B78             ; check if correct
2104   0B78             ;
2105   0B78 DD 7E 0A    CHKKY8  LD    A,(IX+10)
2106   0B7B FE 40               CP    40H            ;is it correct?
2107   0B7D CA 9D 0B            JP    Z,CHKKY9       ;yes!
2108   0B80 DD 7E 0A            LD    A,(IX+10)      ;not correct
2109   0B83 CD 1C 04            CALL  DISBYT         ;in data displays
2110   0B86 ED 57               LD    A,I            ;was that the
2111   0B88 FE 20               CP    20H            ;last guess?
2112   0B8A C0                  RET   NZ             ;no try again
2113   0B8B             ;
2114   0B8B             ; ran out of trys
2115   0B8B             ;
2116   0B8B CD 86 04            CALL  CLRBUF         ;display
2117   0B8E DD 6E 0B            LD    L,(IX+11)
2118   0B91 DD 66 0C            LD    H,(IX+12)      ;the random number
2119   0B94 CD 07 04            CALL  DISADD         ;and play
2120   0B97 21 C4 0B            LD    HL,LOSE        ;the lose
2121   0B9A C3 AB 0B            JP    CHKKYA         ;music
2122   0B9D             ;
2123   0B9D             ; got the right answer
2124   0B9D             ;
2125   0B9D ED 57       CHKKY9  LD    A,I            ;display how many
2126   0B9F CD 1C 04            CALL  DISBYT         ;and play the win
2127   0BA2 DD 6E 0B            LD    L,(IX+11)
2128   0BA5 DD 66 0C            LD    H,(IX+12)
2129   0BA8 21 BB 0B            LD    HL,WIN         ;music
2130   0BAB             ;
2131   0BAB             ; play music and wait for any key to restart
2132   0BAB             ;
2133   0BAB CD 40 05    CHKKYA  CALL  MUSIC          ;play the music
2134   0BAE CD A0 04            CALL  SKEYIN         ;wait for a key
2135   0BB1 CD DF 05            CALL  BEEP
2136   0BB4 CD AD 04            CALL  SKEYRL         ;wait for key release
2137   0BB7 E1                  POP   HL             ;and restart the game
2138   0BB8 C3 5D 0A            JP    SECRET
2139   0BBB             ;
2140   0BBB             ; win and lose music
2141   0BBB             ; from talking electronics TEC-1 monitor,
2142   0BBB             ; MON-1 by John Hardy and Ken Stone
2143   0BBB             ;
2144   0BBB 14 12 14 17 WIN     .DB 14H,12H,14H,17H,17H,12H,14H,10H,1FH
2144   0BBF 17 12 14 10 
2144   0BC3 1F 
2145   0BC4 01 11 01 11 LOSE    .DB 01H,11H,01H,11H,01H,11H,1FH
2145   0BC8 01 11 1F 
2146   0BCB             ;-------------------------------
2147   0BCB             ; SEPARATE BYTE INTO TWO NIBBLES
2148   0BCB             ;-------------------------------
2149   0BCB             ; separates a byte into two
2150   0BCB             ; right justified nibbles
2151   0BCB             ; entry : ACC = byte to be separated
2152   0BCB             ; exit  : H = MSN
2153   0BCB             ;         L = LSN
2154   0BCB             ;
2155   0BCB F5          SPLIT   PUSH  AF
2156   0BCC C5                  PUSH  BC
2157   0BCD 47                  LD    B,A            ;save byte
2158   0BCE E6 0F               AND   0FH            ;strip bits LSN
2159   0BD0 6F                  LD    L,A            ;return LSN in L
2160   0BD1 78                  LD    A,B
2161   0BD2 CB 3F               SRL   A
2162   0BD4 CB 3F               SRL   A
2163   0BD6 CB 3F               SRL   A              ;move MSN
2164   0BD8 CB 3F               SRL   A              ;into LSN
2165   0BDA 67                  LD    H,A            ;return MSN in H
2166   0BDB C1                  POP   BC
2167   0BDC F1                  POP   AF
2168   0BDD C9                  RET
2169   0BDE             ;-----------------------------------
2170   0BDE             ; FUNCTION D - RELAY BOARD SEQUENCER
2171   0BDE             ;-----------------------------------
2172   0BDE CD DF 05    RELSQR  CALL  BEEP
2173   0BE1 CD C4 04            CALL  KEYREL
2174   0BE4 21 ED 0B            LD    HL,RLTEST      ;point to test sequence
2175   0BE7 CD F3 0B            CALL  RLSTEP
2176   0BEA C3 53 07            JP    CANCL1
2177   0BED             ;
2178   0BED             ; test sequence
2179   0BED             ;
2180   0BED 55 01 AA 01 RLTEST  .DB 55H,01H,0AAH,01H,00H,0FFH
2180   0BF1 00 FF 
2181   0BF3             ;----------------
2182   0BF3             ; RELAY SEQUENCER
2183   0BF3             ;----------------
2184   0BF3             ; sequences relays on relay board
2185   0BF3             ; uses two bytes to specify output data and delay time
2186   0BF3             ; delay time byte also determines if sequence is to stop
2187   0BF3             ; or repeat.
2188   0BF3             ;  table:
2189   0BF3             ;  <byte1>,<byte2>
2190   0BF3             ;  byte1 = data to go to output latch (uses port IO1)
2191   0BF3             ;  byte2 = FF - repeat
2192   0BF3             ;          00 - finished
2193   0BF3             ;  entry : HL points to table of output data
2194   0BF3             ;  exit : none modified
2195   0BF3             ;
2196   0BF3 F5          RLSTEP  PUSH  AF
2197   0BF4 C5                  PUSH  BC
2198   0BF5 D5                  PUSH  DE
2199   0BF6 E5                  PUSH  HL             ;save registers
2200   0BF7 E5                  PUSH  HL
2201   0BF8 EB                  EX    DE,HL          ;get address of data
2202   0BF9             ;
2203   0BF9 1A          RELSR1  LD    A,(DE)
2204   0BFA 4F                  LD    C,A            ;get output data
2205   0BFB 13                  INC   DE
2206   0BFC 1A                  LD    A,(DE)         ;get time delay
2207   0BFD FE 00               CP    0
2208   0BFF 28 16               JR    Z,RELSR4       ;end of sequence
2209   0C01 FE FF               CP    255
2210   0C03 28 0D               JR    Z,RELSR3       ;repeat sequence
2211   0C05 47                  LD    B,A
2212   0C06 79                  LD    A,C
2213   0C07 D3 81               OUT   (IO1),A
2214   0C09 13                  INC   DE
2215   0C0A CD 20 0C    RELSR2  CALL  DELONE         ;1 sec delay
2216   0C0D 10 FB               DJNZ  RELSR2         ;more seconds to go
2217   0C0F C3 F9 0B            JP    RELSR1
2218   0C12             ;
2219   0C12             ; repeat
2220   0C12             ;
2221   0C12 D1          RELSR3  POP   DE             ;get start address
2222   0C13 D5                  PUSH  DE             ;save for later
2223   0C14 C3 F9 0B            JP    RELSR1
2224   0C17             ;
2225   0C17             ; finished
2226   0C17             ;
2227   0C17 AF          RELSR4  XOR   A
2228   0C18 D3 81               OUT   (IO1),A        ;clear output reg
2229   0C1A E1                  POP   HL
2230   0C1B E1                  POP   HL
2231   0C1C D1                  POP   DE
2232   0C1D C1                  POP   BC
2233   0C1E F1                  POP   AF
2234   0C1F C9                  RET
2235   0C20             ;-----------------
2236   0C20             ; ONE SECOND DELAY
2237   0C20             ;-----------------
2238   0C20             ;
2239   0C20             ; entry : none
2240   0C20             ; exit : flag register modified
2241   0C20             ;
2242   0C20 C5          DELONE  PUSH  BC
2243   0C21 D5                  PUSH  DE
2244   0C22 E5                  PUSH  HL
2245   0C23 11 01 00            LD    DE,0001H
2246   0C26 21 70 08            LD    HL,0870H
2247   0C29 06 92       DELON1  LD    B,92H
2248   0C2B 10 FE       DELON2  DJNZ  DELON2         ;inner loop
2249   0C2D ED 52               SBC   HL,DE
2250   0C2F D2 29 0C            JP    NC,DELON1      ;outer loop
2251   0C32 E1                  POP   HL
2252   0C33 D1                  POP   DE
2253   0C34 C1                  POP   BC
2254   0C35 C9                  RET
2255   0C36             ;--------------------------
2256   0C36             ; FUNCTION E - KALEIDOSCOPE
2257   0C36             ;--------------------------
2258   0C36 CD DF 05    SCOPE   CALL  BEEP
2259   0C39 CD C4 04            CALL  KEYREL
2260   0C3C CD 11 05            CALL  RAND           ;generate random
2261   0C3F EB                  EX    DE,HL
2262   0C40 21 00 3E            LD    HL,BUFFER      ;number and set up
2263   0C43 7B                  LD    A,E            ;the first quadrant
2264   0C44 CD B5 0C            CALL  SEED           ;with a random bit
2265   0C47 7A                  LD    A,D            ;pattern
2266   0C48 CD B5 0C            CALL  SEED
2267   0C4B             ;
2268   0C4B             ; generate mirror images
2269   0C4B             ;
2270   0C4B 06 04       SCOPE2  LD    B,04H
2271   0C4D 21 00 3E            LD    HL,BUFFER
2272   0C50 11 07 3E            LD    DE,BUFFER+7
2273   0C53 7E          SCOPE3  LD    A,(HL)         ;mirror the first
2274   0C54 12                  LD    (DE),A         ;quadrant into
2275   0C55 23                  INC   HL             ;the fourth
2276   0C56 1B                  DEC   DE             ;quadrant
2277   0C57 10 FA               DJNZ  SCOPE3
2278   0C59             ;
2279   0C59             ; mirror across centre of display
2280   0C59             ;
2281   0C59 06 08               LD    B,8            ;mirror the first
2282   0C5B 21 00 3E            LD    HL,BUFFER      ;and fourth quadrant
2283   0C5E 7E                  LD    A,(HL)         ;across the centre
2284   0C5F E6 0F               AND   0FH            ;of the display
2285   0C61 77                  LD    (HL),A         ;into the second
2286   0C62 CB 46       SCOPE4  BIT   0,(HL)         ;and third quadrants.
2287   0C64 CA 69 0C            JP    Z,SCOPE5       ;checking if the
2288   0C67 CB FE               SET   7,(HL)         ;bits in the LSN are
2289   0C69 CB 4E       SCOPE5  BIT   1,(HL)         ;set, and setting the
2290   0C6B CA 70 0C            JP    Z,SCOPE6       ;corresponding
2291   0C6E CB F6               SET   6,(HL)         ;mirror image
2292   0C70 CB 56       SCOPE6  BIT   2,(HL)         ;bit in the MSN
2293   0C72 CA 77 0C            JP    Z,SCOPE7       ;if they are.
2294   0C75 CB EE               SET   5,(HL)         ;do this for
2295   0C77 CB 5E       SCOPE7  BIT   3,(HL)         ;the eight rows
2296   0C79 CA 7E 0C            JP    Z,SCOPE8       ;of data bytes
2297   0C7C CB E6               SET   4,(HL)         ;in the display
2298   0C7E 23          SCOPE8  INC   HL
2299   0C7F 10 E1               DJNZ  SCOPE4         ;more rows to do
2300   0C81             ;
2301   0C81             ; display the pattern
2302   0C81             ;
2303   0C81 11 01 00            LD    DE,0001H       ;show the pattern
2304   0C84 21 00 02            LD    HL,0200H       ;for a period of time
2305   0C87 E5          SCOPE9  PUSH  HL
2306   0C88 21 00 3E            LD    HL,BUFFER
2307   0C8B CD C4 0C            CALL  SKATE          ;scan 8x8
2308   0C8E E1                  POP   HL
2309   0C8F ED 52               SBC   HL,DE
2310   0C91 C2 87 0C            JP    NZ,SCOPE9
2311   0C94             ;
2312   0C94             ; manipulate bits for next image
2313   0C94             ;
2314   0C94 21 00 3E    SCOPEA  LD    HL,BUFFER
2315   0C97 3E 05               LD    A,5
2316   0C99 86                  ADD   A,(HL)
2317   0C9A E6 0F               AND   0FH
2318   0C9C 77                  LD    (HL),A         ;add 5 to first LSN
2319   0C9D 23                  INC   HL
2320   0C9E 3E 03               LD    A,03H
2321   0CA0 86                  ADD   A,(HL)
2322   0CA1 E6 0F               AND   0FH
2323   0CA3 77                  LD    (HL),A         ;add 3 to second LSN
2324   0CA4 23                  INC   HL
2325   0CA5 3E 01               LD    A,01H
2326   0CA7 86                  ADD   A,(HL)
2327   0CA8 E6 0F               AND   0FH
2328   0CAA 77                  LD    (HL),A         ;add 1 to third LSN
2329   0CAB 23                  INC   HL
2330   0CAC 3E 07               LD    A,07H
2331   0CAE 86                  ADD   A,(HL)
2332   0CAF E6 0F               AND   0FH
2333   0CB1 77                  LD    (HL),A         ;add 15 to fourth LSN
2334   0CB2 C3 4B 0C            JP    SCOPE2         ;mirror bit pattern
2335   0CB5             ;
2336   0CB5             ; seed the first quadrant with random bits
2337   0CB5             ;
2338   0CB5 47          SEED    LD    B,A            ;put the
2339   0CB6 E6 0F               AND   0FH            ;random number
2340   0CB8 77                  LD    (HL),A         ;into the
2341   0CB9 23                  INC   HL             ;first quadrant
2342   0CBA 78                  LD    A,B            ;of the
2343   0CBB E6 F0               AND   240            ;display
2344   0CBD 1F                  RRA
2345   0CBE 1F                  RRA
2346   0CBF 1F                  RRA
2347   0CC0 1F                  RRA
2348   0CC1 77                  LD    (HL),A
2349   0CC2 23                  INC   HL
2350   0CC3 C9                  RET
2351   0CC4             ;-----------------
2352   0CC4             ; SCAN 8X8 DISPLAY
2353   0CC4             ;-----------------
2354   0CC4             ; put the 8 RAM locations pointed to
2355   0CC4             ; by HL on the 8x8 display,
2356   0CC4             ; low byte on top row.
2357   0CC4             ; routine period is 500us
2358   0CC4             ; pulse width 15us  gives 3% duty
2359   0CC4             ;
2360   0CC4             ;  entry : HL = address of 8x8 buffer
2361   0CC4             ;   exit : no registers modified
2362   0CC4             ;
2363   0CC4 F5          SKATE   PUSH  AF
2364   0CC5 C5                  PUSH  BC
2365   0CC6 E5                  PUSH  HL             ;save registers
2366   0CC7 0E 80               LD    C,80H
2367   0CC9 7E          SKATE1  LD    A,(HL)
2368   0CCA D3 80               OUT   (IO0),A        ;output X
2369   0CCC 79                  LD    A,C
2370   0CCD D3 82               OUT   (IO2),A        ;output Y
2371   0CCF 06 02               LD    B,02H
2372   0CD1 10 FE       SKATE2  DJNZ  SKATE2         ;on time delay
2373   0CD3 AF                  XOR   A
2374   0CD4 D3 80               OUT   (IO0),A
2375   0CD6 D3 82               OUT   (IO2),A        ;clear display latches
2376   0CD8 06 08               LD    B,08H
2377   0CDA 10 FE       SKATE3  DJNZ  SKATE3         ;off time delay
2378   0CDC 23                  INC   HL
2379   0CDD CB 09               RRC   C
2380   0CDF 30 E8               JR    NC,SKATE1      ;more to output
2381   0CE1 E1                  POP   HL
2382   0CE2 C1                  POP   BC
2383   0CE3 F1                  POP   AF
2384   0CE4 C9                  RET
2385   0CE5             ;----------------------------
2386   0CE5             ; FUNCTION F - CLOCK CALENDAR
2387   0CE5             ;----------------------------
2388   0CE5 CD DF 05    TIME    CALL  BEEP
2389   0CE8 CD C4 04            CALL  KEYREL         ;wait for key release
2390   0CEB DD 21 00 3F         LD    IX,VARIDX      ;use IX for temp variables
2391   0CEF 3A 37 3F            LD    A,(ONTIM)
2392   0CF2 DD 77 00            LD    (IX+0),A       ;save display scan delay
2393   0CF5 3E 60               LD    A,60H
2394   0CF7 32 37 3F            LD    (ONTIM),A      ;use new delay
2395   0CFA DD 77 01            LD    (IX+1),A       ;start in time mode
2396   0CFD             ;
2397   0CFD             ; display time,check for key
2398   0CFD             ;
2399   0CFD CD 52 0E    TIME1   CALL  RWATCH         ;read the clock/calendar
2400   0D00 CD 3D 0D            CALL  UPDBUF         ;update the display buffer
2401   0D03 CD 55 04            CALL  SCAND
2402   0D06 CD 95 04            CALL  SCANKEY
2403   0D09 CB 6F               BIT   5,A
2404   0D0B 28 F0               JR    Z,TIME1        ;no key keep looking
2405   0D0D E6 1F               AND   1FH
2406   0D0F 21 17 0D            LD    HL,TIMKEY
2407   0D12 CD CE 04            CALL  MENU
2408   0D15 18 E6               JR    TIME1
2409   0D17             ;
2410   0D17             ; clock menu
2411   0D17             ;
2412   0D17 04          TIMKEY  .DB   4
2413   0D18 10 11 12 13         .DB   10H,11H,12H,13H
2414   0D1C 24 0D B5 0D         .DW   CLKEXT,SETCLK,CALKEY,CALKEY
2414   0D20 2E 0D 2E 0D 
2415   0D24             ;
2416   0D24             ; exit clock calendar
2417   0D24             ;
2418   0D24 E1          CLKEXT  POP   HL             ;remove return
2419   0D25 DD 7E 00            LD    A,(IX+0)
2420   0D28 32 37 3F            LD    (ONTIM),A      ;restore delay time
2421   0D2B C3 50 07            JP    CANCEL
2422   0D2E             ;
2423   0D2E             ; toggle display mode
2424   0D2E             ;
2425   0D2E CD DF 05    CALKEY  CALL  BEEP
2426   0D31 CD C4 04            CALL  KEYREL
2427   0D34 DD 7E 01            LD    A,(IX+1)
2428   0D37 EE 80               XOR   80H              ;toggle display
2429   0D39 DD 77 01            LD    (IX+1),A
2430   0D3C C9                  RET
2431   0D3D             ;----------------------
2432   0D3D             ; UPDATE DISPLAY BUFFER
2433   0D3D             ;----------------------
2434   0D3D DD CB 01 7E UPDBUF  BIT   7,(IX+1)       ;which display mode?
2435   0D41 20 22               JR    NZ,UPDBF2      ;calendar display
2436   0D43             ;
2437   0D43             ; time display
2438   0D43             ;
2439   0D43 3A 1A 3F    UPDBF1  LD    A,(SWREG1)
2440   0D46 CD 25 04            CALL  CONBYT
2441   0D49 CB FD               SET   7,L            ;set decimal point
2442   0D4B 22 31 3F            LD    (DISBUF),HL    ;show seconds (0-59)
2443   0D4E 3A 1B 3F            LD    A,(SWREG2)
2444   0D51 CD 25 04            CALL  CONBYT
2445   0D54 CB FD               SET   7,L            ;set decimal point
2446   0D56 22 33 3F            LD    (DISBUF+2),HL  ;show minutes (0-59)
2447   0D59 3A 1C 3F            LD    A,(SWREG3)
2448   0D5C CD 25 04            CALL  CONBYT
2449   0D5F CB FD               SET   7,L            ;set decimal point
2450   0D61 22 35 3F            LD    (DISBUF+4),HL  ;show hours (0-23)
2451   0D64 C9                  RET
2452   0D65             ;
2453   0D65             ; calendar display
2454   0D65             ;
2455   0D65 3A 20 3F    UPDBF2  LD    A,(SWREG7)
2456   0D68 CD 25 04            CALL  CONBYT
2457   0D6B 22 31 3F            LD    (DISBUF),HL    ;show year (0-99)
2458   0D6E             ;
2459   0D6E             ; check mode for dd/mm/yy or mm/dd/yy
2460   0D6E             ;
2461   0D6E 21 17 3F            LD    HL,CALMDE
2462   0D71 CB 7E               BIT   7,(HL)
2463   0D73 20 14               JR    NZ,UPDBF3      ;mm/dd/yy mode
2464   0D75             ;
2465   0D75             ; dd/mm/yy mode
2466   0D75             ;
2467   0D75 3A 1F 3F            LD    A,(SWREG6)
2468   0D78 CD 25 04            CALL  CONBYT
2469   0D7B 22 33 3F            LD    (DISBUF+2),HL  ;show month (1-12)
2470   0D7E 3A 1E 3F            LD    A,(SWREG5)
2471   0D81 CD 25 04            CALL  CONBYT
2472   0D84 22 35 3F            LD    (DISBUF+4),HL  ;show date (1-31)
2473   0D87 18 12               JR    UPDBF4
2474   0D89             ;
2475   0D89             ; mm/dd/yy mode
2476   0D89             ;
2477   0D89 3A 1F 3F    UPDBF3  LD    A,(SWREG6)
2478   0D8C CD 25 04            CALL  CONBYT
2479   0D8F 22 35 3F            LD    (DISBUF+4),HL  ;show month (1-12)
2480   0D92 3A 1E 3F            LD    A,(SWREG5)
2481   0D95 CD 25 04            CALL  CONBYT
2482   0D98 22 33 3F            LD    (DISBUF+2),HL  ;show date (1-31)
2483   0D9B             ;
2484   0D9B             ; show day
2485   0D9B             ;
2486   0D9B 3A 1D 3F    UPDBF4  LD    A,(SWREG4)     ;get day reg
2487   0D9E E6 07               AND   07H
2488   0DA0 28 12               JR    Z,UPDBF5       ;zero is illegal
2489   0DA2 FE 07               CP    07H
2490   0DA4 28 0E               JR    Z,UPDBF5       ;don't show saturday
2491   0DA6 2F                  CPL                  ;work out
2492   0DA7 D6 01               SUB   01H            ;which decimal point
2493   0DA9 E6 07               AND   07H            ;to light
2494   0DAB 21 31 3F            LD    HL,DISBUF      ;adding the day
2495   0DAE 06 00               LD    B,00H          ;to a display
2496   0DB0 4F                  LD    C,A            ;buffer index
2497   0DB1 09                  ADD   HL,BC          ;and setting the
2498   0DB2 CB FE               SET   7,(HL)         ;decimal point
2499   0DB4 C9          UPDBF5  RET                  ;in that display
2500   0DB5             ;--------------
2501   0DB5             ; SET TIME/DATE
2502   0DB5             ;--------------
2503   0DB5 CD DF 05    SETCLK  CALL  BEEP
2504   0DB8 CD C4 04            CALL  KEYREL
2505   0DBB             ;
2506   0DBB             ; edit the display buffer
2507   0DBB             ;
2508   0DBB CD 3D 0D    SETCK1  CALL  UPDBUF         ;update display buffer
2509   0DBE CD A0 04            CALL  SKEYIN
2510   0DC1 CD C4 04            CALL  KEYREL
2511   0DC4 FE 10               CP    10H            ;Fn key exits (no change)
2512   0DC6 C8                  RET Z
2513   0DC7 FE 11               CP    11H            ;Ad key sets clock/calendar
2514   0DC9 28 6D               JR    Z,SETCK8
2515   0DCB FE 12               CP    12H
2516   0DCD 28 3D               JR    Z,SETCK4       ;plus key
2517   0DCF FE 13               CP    13H
2518   0DD1 28 4E               JR    Z,SETCK6       ;minus key
2519   0DD3 FE 0A               CP    0AH            ;no A-F keys
2520   0DD5 30 E4               JR    NC,SETCK1
2521   0DD7             ;
2522   0DD7             ; is it set clock or set calendar?
2523   0DD7             ;
2524   0DD7 DD CB 01 7E         BIT   7,(IX+1)
2525   0DDB 20 0D               JR    NZ,SETCK2
2526   0DDD             ;
2527   0DDD             ; set clock display
2528   0DDD             ;
2529   0DDD 21 1A 3F            LD    HL,SWREG1
2530   0DE0 ED 6F               RLD                   ;move the new key
2531   0DE2 23                  INC   HL              ;into the clock buffer
2532   0DE3 ED 6F               RLD
2533   0DE5 23                  INC   HL
2534   0DE6 ED 6F               RLD
2535   0DE8 18 D1               JR    SETCK1
2536   0DEA             ;
2537   0DEA             ; set calendar display
2538   0DEA             ;
2539   0DEA 21 17 3F    SETCK2  LD    HL,CALMDE
2540   0DED CB 7E               BIT   7,(HL)
2541   0DEF 20 0D               JR    NZ,SETCK3      ;mm/dd/yy mode
2542   0DF1             ;
2543   0DF1             ; set calendar as dd/mm/yy
2544   0DF1             ;
2545   0DF1 21 20 3F            LD    HL,SWREG7
2546   0DF4 ED 6F               RLD                  ;move the new key
2547   0DF6 2B                  DEC HL               ;into the cal buffer
2548   0DF7 ED 6F               RLD
2549   0DF9 2B                  DEC HL
2550   0DFA ED 6F               RLD
2551   0DFC 18 BD               JR  SETCK1
2552   0DFE             ;
2553   0DFE             ; set calendar as mm/dd/yy
2554   0DFE             ;
2555   0DFE 21 20 3F    SETCK3  LD    HL,SWREG7
2556   0E01 ED 6F               RLD                  ;move the new key
2557   0E03 2B                  DEC   HL             ;into the cal buffer
2558   0E04 2B                  DEC   HL
2559   0E05 ED 6F               RLD
2560   0E07 23                  INC   HL
2561   0E08 ED 6F               RLD
2562   0E0A 18 AF               JR    SETCK1
2563   0E0C             ;
2564   0E0C             ; inc day
2565   0E0C             ;
2566   0E0C DD CB 01 7E SETCK4  BIT   7,(IX+1)
2567   0E10 28 A9               JR    Z,SETCK1
2568   0E12 3A 1D 3F            LD    A,(SWREG4)
2569   0E15 FE 07               CP    07H            ;is the day sunday?
2570   0E17 20 01               JR    NZ,SETCK5
2571   0E19 AF                  XOR   A              ;set monday
2572   0E1A 3C          SETCK5  INC   A              ;day=day+1
2573   0E1B 32 1D 3F            LD    (SWREG4),A
2574   0E1E C3 BB 0D            JP    SETCK1
2575   0E21             ;
2576   0E21             ; dec day
2577   0E21             ;
2578   0E21 DD CB 01 7E SETCK6  BIT   7,(IX+1)
2579   0E25 CA BB 0D            JP    Z,SETCK1
2580   0E28 3A 1D 3F            LD    A,(SWREG4)
2581   0E2B FE 01               CP    01H            ;is the day monday?
2582   0E2D 20 02               JR    NZ,SETCK7
2583   0E2F 3E 08               LD    A,08H          ;set sunday
2584   0E31 3D          SETCK7  DEC   A              ;day=day-1
2585   0E32 32 1D 3F            LD    (SWREG4),A
2586   0E35 C3 BB 0D            JP    SETCK1
2587   0E38             ;
2588   0E38             ; set the clock/calendar with new data
2589   0E38             ;
2590   0E38 CD DF 05    SETCK8  CALL  BEEP
2591   0E3B CD C4 04            CALL  KEYREL
2592   0E3E 3A 1C 3F            LD    A,(SWREG3)
2593   0E41 E6 3F               AND   3FH            ;24 hour mode
2594   0E43 32 1C 3F            LD    (SWREG3),A
2595   0E46 3A 1D 3F            LD    A,(SWREG4)
2596   0E49 E6 07               AND   07H            ;osc on,rst enabled
2597   0E4B 32 1D 3F            LD    (SWREG4),A
2598   0E4E CD DC 0E            CALL  WWATCH         ;write changes
2599   0E51 C9                  RET
2600   0E52             ;---------------------
2601   0E52             ; READ FROM SMARTWATCH
2602   0E52             ;---------------------
2603   0E52             ; reads data from smartwatch, uses lookup table to
2604   0E52             ; write 64 bit access code to enable the smartwatch.
2605   0E52             ; reads all data into registers as ram cannot be read
2606   0E52             ; or written to while watch is enabled.
2607   0E52             ;
2608   0E52             ;  entry : none
2609   0E52             ;  exit  : no working registers modified
2610   0E52             ;          (alternate set modified)
2611   0E52             ;  contents of smartwatch written to swreg0 - swreg7
2612   0E52             ;
2613   0E52             ;
2614   0E52             ; enable smartwatch
2615   0E52             ;
2616   0E52 F5          RWATCH  PUSH  AF
2617   0E53 C5                  PUSH  BC
2618   0E54 D5                  PUSH  DE
2619   0E55 E5                  PUSH  HL
2620   0E56 3A 60 3F            LD    A,(SWATCH)     ;initiate pattern
2621   0E59 21 9C 0E            LD    HL,PATERN      ;write d0 of all the bytes
2622   0E5C 06 40               LD    B,64           ;in the table to the ram to
2623   0E5E 7E          RWACH1  LD    A,(HL)         ;enable the smartwatch
2624   0E5F 32 60 3F            LD    (SWATCH),A
2625   0E62 23                  INC   HL
2626   0E63 10 F9               DJNZ  RWACH1
2627   0E65             ;
2628   0E65             ; read data from watch
2629   0E65             ;
2630   0E65 06 20               LD    B,32
2631   0E67 3A 60 3F    RWACH2  LD    A,(SWATCH)     ;shift the first 32 bits
2632   0E6A CB 3F               SRL   A              ;into the 16 bit registers
2633   0E6C CB 1A               RR    D              ;de and hl
2634   0E6E CB 1B               RR    E              ;then exchange them with
2635   0E70 CB 1C               RR    H              ;the alternate pair
2636   0E72 CB 1D               RR    L
2637   0E74 10 F1               DJNZ  RWACH2
2638   0E76 D9                  EXX
2639   0E77 06 20               LD    B,32
2640   0E79 3A 60 3F    RWACH3  LD    A,(SWATCH)     ;now shift the last 32 bits
2641   0E7C CB 3F               SRL   A              ;into the same 16 bit registers
2642   0E7E CB 1A               RR    D
2643   0E80 CB 1B               RR    E
2644   0E82 CB 1C               RR    H
2645   0E84 CB 1D               RR    L
2646   0E86 10 F1               DJNZ  RWACH3
2647   0E88             ;
2648   0E88             ; save in watch registers
2649   0E88             ;
2650   0E88 22 1D 3F            LD    (SWREG4),HL    ;smartwatch read is complete
2651   0E8B ED 53 1F 3F         LD    (SWREG6),DE    ;get the data
2652   0E8F D9                  EXX
2653   0E90 22 19 3F            LD    (SWREG0),HL
2654   0E93 ED 53 1B 3F         LD    (SWREG2),DE
2655   0E97 E1                  POP HL
2656   0E98 D1                  POP DE
2657   0E99 C1                  POP BC
2658   0E9A F1                  POP AF
2659   0E9B C9                  RET
2660   0E9C             ;
2661   0E9C             ; smartwatch access pattern
2662   0E9C             ;
2663   0E9C C5 E2 71 B8 PATERN  .DB 0C5H,0E2H,71H,0B8H,5CH,2EH,17H,8BH
2663   0EA0 5C 2E 17 8B 
2664   0EA4 3A 1D 8E 47         .DB 3AH,1DH,8EH,47H,0A3H,0D1H,0E8H,74H
2664   0EA8 A3 D1 E8 74 
2665   0EAC A3 D1 E8 74         .DB 0A3H,0D1H,0E8H,74H,3AH,1DH,8EH,47H
2665   0EB0 3A 1D 8E 47 
2666   0EB4 5C 2E 17 8B         .DB 5CH,2EH,17H,8BH,0C5H,0E2H,71H,0B8H
2666   0EB8 C5 E2 71 B8 
2667   0EBC C5 E2 71 B8         .DB 0C5H,0E2H,71H,0B8H,5CH,2EH,17H,8BH
2667   0EC0 5C 2E 17 8B 
2668   0EC4 3A 1D 8E 47         .DB 3AH,1DH,8EH,47H,0A3H,0D1H,0E8H,74H
2668   0EC8 A3 D1 E8 74 
2669   0ECC A3 D1 E8 74         .DB 0A3H,0D1H,0E8H,74H,3AH,1DH,8EH,47H
2669   0ED0 3A 1D 8E 47 
2670   0ED4 5C 2E 17 8B         .DB 5CH,2EH,17H,8BH,0C5H,0E2H,71H,0B8H
2670   0ED8 C5 E2 71 B8 
2671   0EDC             ;--------------------
2672   0EDC             ; WRITE TO SMARTWATCH
2673   0EDC             ;--------------------
2674   0EDC             ;
2675   0EDC             ; write data to smartwatch by first accessing
2676   0EDC             ; it using bit manipulation.
2677   0EDC             ; data is written by firstly putting all 64 bits
2678   0EDC             ; into registers as ram cannot be accessed once the
2679   0EDC             ; smartwatch is enabled.
2680   0EDC             ;
2681   0EDC             ; entry : none
2682   0EDC             ; the data to write to the smartwatch
2683   0EDC             ; must be in swreg0 - swreg7
2684   0EDC             ;  exit : no working registers modified
2685   0EDC             ; (alternate set modified)
2686   0EDC             ; get data to write to watch
2687   0EDC             ;
2688   0EDC F5          WWATCH  PUSH  AF
2689   0EDD C5                  PUSH  BC
2690   0EDE D5                  PUSH  DE
2691   0EDF E5                  PUSH  HL
2692   0EE0 2A 1D 3F            LD    HL,(SWREG4)    ;set up the
2693   0EE3 ED 5B 1F 3F         LD    DE,(SWREG6)    ;16 bit registers
2694   0EE7 D9                  EXX
2695   0EE8 2A 19 3F            LD    HL,(SWREG0)    ;with the data to be
2696   0EEB ED 5B 1B 3F         LD    DE,(SWREG2)    ;written to the smartwatch
2697   0EEF             ;
2698   0EEF             ; write 64 bit access code to enable smartwatch
2699   0EEF             ;
2700   0EEF 3A 60 3F            LD    A,(SWATCH)     ;initiate pattern
2701   0EF2 3E C5               LD    A,0C5H
2702   0EF4 0E 80               LD    C,80H          ;number of bytes
2703   0EF6 06 80       WWACH1  LD    B,80H          ;number of bits
2704   0EF8 32 60 3F    WWACH2  LD    (SWATCH),A     ;write to ram
2705   0EFB CB 0F               RRC   A
2706   0EFD CB 38               SRL   B
2707   0EFF 30 F7               JR    NC,WWACH2      ;more bits
2708   0F01 CB 39               SRL   C
2709   0F03 38 11               JR    C,WWACH4       ;no more bytes
2710   0F05 CB 47               BIT   0,A
2711   0F07 20 0A               JR    NZ,WWACH3
2712   0F09 CB 0F               RRC   A
2713   0F0B CB 0F               RRC   A
2714   0F0D CB 0F               RRC   A
2715   0F0F CB 0F               RRC   A
2716   0F11 18 E3               JR    WWACH1
2717   0F13 2F          WWACH3  CPL
2718   0F14 18 E0               JR    WWACH1
2719   0F16             ;
2720   0F16             ; write data to watch
2721   0F16             ;
2722   0F16 06 20       WWACH4  LD    B,32           ;shift the first 32 bits
2723   0F18 CB 3A       WWACH5  SRL   D              ;out of the 16 bit registers
2724   0F1A CB 1B               RR    E              ;onto D0 and into
2725   0F1C CB 1C               RR    H              ;the smartwatch
2726   0F1E CB 1D               RR    L
2727   0F20 17                  RLA
2728   0F21 32 60 3F            LD    (SWATCH),A
2729   0F24 10 F2               DJNZ  WWACH5
2730   0F26 D9                  EXX                  ;restore registers
2731   0F27 06 20               LD    B,32           ;get the other 32 bits from
2732   0F29 CB 3A       WWACH6  SRL   D              ;the alternate register set
2733   0F2B CB 1B               RR    E              ;and shift them onto D0
2734   0F2D CB 1C               RR    H              ;and into the smartwatch
2735   0F2F CB 1D               RR    L
2736   0F31 17                  RLA
2737   0F32 32 60 3F            LD    (SWATCH),A
2738   0F35 10 F2               DJNZ  WWACH6
2739   0F37 E1                  POP HL
2740   0F38 D1                  POP DE
2741   0F39 C1                  POP BC
2742   0F3A F1                  POP AF
2743   0F3B C9                  RET
2744   0F3C             ;-----------------
2745   0F3C             ; ONE SECOND DELAY
2746   0F3C             ;-----------------
2747   0F3C             ; uses smartwatch to delay for 1 second
2748   0F3C             ; by waiting for seconds register to rollover
2749   0F3C             ;
2750   0F3C             ; first read gets a reference, subsequent reads
2751   0F3C             ; wait until the seconds counter no longer
2752   0F3C             ; reads the same as the reference value,
2753   0F3C             ; then the routine returns
2754   0F3C             ;
2755   0F3C             ; entry : none
2756   0F3C             ; exit : none modified
2757   0F3C             ;
2758   0F3C F5          ONESEC  PUSH  AF
2759   0F3D C5                  PUSH  BC
2760   0F3E CD 52 0E            CALL  RWATCH         ;read watch
2761   0F41 3A 1A 3F            LD    A,(SWREG1)
2762   0F44 47                  LD    B,A            ;save ref count
2763   0F45 CD 52 0E    ONESC1  CALL  RWATCH
2764   0F48 3A 1A 3F            LD    A,(SWREG1)
2765   0F4B B8                  CP    B              ;same as ref?
2766   0F4C CA 45 0F            JP    Z,ONESC1       ;yes, so wait again
2767   0F4F C1                  POP   BC
2768   0F50 F1                  POP   AF
2769   0F51 C9                  RET
2770   0F52             ;
2771   0F52             ;Serial Monitor
2772   0F52             ;
2773   0F52             #include "SCBug19.asm"
0001+  0F52             ;------------------
0002+  0F52             ; SC SERIAL MONITOR
0003+  0F52             ;------------------
0004+  0F52             ; press the function key twice to start the monitor
0005+  0F52             ; comms parameters are 9600,n,8,2
0006+  0F52             ;
0007+  0F52             ;set the vector to the serial monitor
0008+  00A0                     .ORG  00A0H
0009+  00A0 00 10               .DW   SCBUG
0010+  00A2             ;
0011+  00A2             ;serial monitor system calls
0012+  00A2             ;
0013+  0144                     .ORG  0100H+(2*34)
0014+  0144 50 16               .DW   SNDMSG          ;34 send a zero terminated string
0015+  0146 63 16               .DW   BITASC          ;35 convert a byte to an ASCII string as bits
0016+  0148 51 15               .DW   WRDASC          ;36 convert a word to ASCII
0017+  014A 56 15               .DW   BYTASC          ;37 convert a byte to ASCII
0018+  014C 5F 15               .DW   NYBASC          ;38 convert a nibble to ASCII
0019+  0150                     .ORG  0100H+(2*40)
0020+  0150 78 16               .DW   ILPSZ           ;40 in-line print string
0021+  015A                     .ORG  0100H+(2*45)
0022+  015A 00 10               .DW   SCBUG           ;45 serial monitor  entry point
0023+  015E                     .ORG  0100H+(2*47)
0024+  015E 5D 14               .DW   ESCMORE         ;47 list more or escape
0025+  0160 9E 14               .DW   ASC2HEX         ;48 convert ASCII to hexadecimal
0026+  0162 67 15               .DW   INSBUF          ;49 put a char into a buffer
0027+  0164 6C 15               .DW   SPCBUF          ;50 put a space into a buffer
0028+  0166 71 15               .DW   BCRLF           ;51 put a CR LF into a buffer
0029+  0168             ;------------
0030+  0168             ; ASCII CODES
0031+  0168             ;------------
0032+  0168             ESC     .EQU  1BH
0033+  0168             CR      .EQU  0DH
0034+  0168             LF      .EQU  0AH
0035+  0168             ;
0036+  1000                     .ORG  1000H
0037+  1000             ;
0038+  1000 21 0B 00    SCBUG   LD    HL,B9600       ;initialise the baud rate
0039+  1003 CD 07 08            CALL  SERINI         ;set up tx output pin
0040+  1006             ;---------------------
0041+  1006             ; START UP THE MONITOR
0042+  1006             ;---------------------
0043+  1006 ED 73 10 3F COLD    LD    (SPSAVE),SP    ;save stack pointer
0044+  100A 21 7B 15            LD    HL,SSSTEP
0045+  100D 22 5B 3F            LD    (RST38),HL     ;hijack the single stepper
0046+  1010 21 00 00            LD    HL,0000H
0047+  1013 22 63 3F            LD    (BRKADD),HL    ;clear the break address
0048+  1016             ;
0049+  1016             ;send VT100 terminal commands for clear screen,cursor home
0050+  1016             ;
0051+  1016 CD 78 16            CALL  ILPSZ
0052+  1019 1B 5B 48 1B         .DB   27,"[H",27,"[2J",0
0052+  101D 5B 32 4A 00 
0053+  1021             ;
0054+  1021             ; output the header
0055+  1021             ;
0056+  1021 CD DD 03            CALL  PCBTYP
0057+  1024 CD 50 16            CALL  SNDMSG         ;board type
0058+  1027 CD 78 16            CALL  ILPSZ
0059+  102A 20 53 6F 75         .DB " Southern Cross Serial Monitor ",0
0059+  102E 74 68 65 72 
0059+  1032 6E 20 43 72 
0059+  1036 6F 73 73 20 
0059+  103A 53 65 72 69 
0059+  103E 61 6C 20 4D 
0059+  1042 6F 6E 69 74 
0059+  1046 6F 72 20 00 
0060+  104A CD E4 03            CALL  VERS
0061+  104D CD 50 16            CALL  SNDMSG         ;monitor version
0062+  1050 CD 2A 11            CALL  TXCRLF
0063+  1053 CD EB 03            CALL  KBDTYP
0064+  1056 CD 50 16            CALL  SNDMSG         ;keyboard type
0065+  1059 CD 78 16            CALL  ILPSZ
0066+  105C 20 4B 65 79         .DB " Keyboard",0
0066+  1060 62 6F 61 72 
0066+  1064 64 00 
0067+  1066 CD 78 16            CALL  ILPSZ
0068+  1069 0D 0A 48 20         .DB CR,LF,"H for command list",CR,LF,0
0068+  106D 66 6F 72 20 
0068+  1071 63 6F 6D 6D 
0068+  1075 61 6E 64 20 
0068+  1079 6C 69 73 74 
0068+  107D 0D 0A 00 
0069+  1080             ;
0070+  1080             ; display the prompt and wait for commands
0071+  1080             ;
0072+  1080 3E 3E       START2  LD    A,'>'
0073+  1082 CD 21 08            CALL  TXDATA         ;display the prompt
0074+  1085 CD 4C 08    START3  CALL  RXDATA         ;get a character from the console
0075+  1088 4F                  LD    C,A            ;save ASCII character for later
0076+  1089 E6 DF               AND   0DFH           ;turn lower case into upper case
0077+  108B             ;
0078+  108B             ; if the command is not in the command list reject it
0079+  108B             ;
0080+  108B 21 AA 10            LD    HL,MONMENU
0081+  108E 46                  LD    B,(HL)         ;number of commands
0082+  108F 23                  INC   HL
0083+  1090 BE          START4  CP    (HL)           ;in the list?
0084+  1091 28 05               JR    Z,START5       ;ok do it
0085+  1093 23                  INC   HL
0086+  1094 10 FA               DJNZ  START4         ;keep looking
0087+  1096 18 ED               JR    START3         ;not a valid command
0088+  1098             ;
0089+  1098             ;process the command
0090+  1098             ;
0091+  1098 79          START5  LD    A,C            ;get original ASCII char back
0092+  1099 CD 21 08            CALL  TXDATA         ;to echo it
0093+  109C E6 DF               AND   0DFH           ;and turn back into upper case
0094+  109E 21 AA 10            LD    HL,MONMENU     ;to use the menu handler
0095+  10A1 CD CE 04            CALL  MENU           ;key in ACC, execute menu
0096+  10A4             ;
0097+  10A4             ; the menu function call leaves the return address of the menu call
0098+  10A4             ; on the stack so called subroutines come back here with a RET
0099+  10A4             ;
0100+  10A4 CD 2A 11    WARM    CALL  TXCRLF         ;start on a new line
0101+  10A7 C3 80 10            JP    START2         ;get ready for a new command
0102+  10AA             ;
0103+  10AA             ; scbug monitor commands
0104+  10AA             ;
0105+  10AA 0B          MONMENU .DB   11
0106+  10AB 44 48 54 4D         .DB   'D','H','T','M','G','I','S','R','L','B','X'
0106+  10AF 47 49 53 52 
0106+  10B3 4C 42 58 
0107+  10B6 CA 14 34 11         .DW   DSPLAY,HELP,SSTOGL,MODIFY,GOJUMP
0107+  10BA 03 13 7E 13 
0107+  10BE FC 10 
0108+  10C0 D1 13 BA 15         .DW   INTHEX,PGMRET,DISREG,LISTA,BPOINT,EXIT
0108+  10C4 DC 15 22 14 
0108+  10C8 A9 12 85 14 
0109+  10CC             ;-----------------------------
0110+  10CC             ; GET A BYTE FROM THE TERMINAL
0111+  10CC             ;-----------------------------
0112+  10CC             ;get the high nibble
0113+  10CC CD 4C 08    GETCHR  CALL  RXDATA
0114+  10CF FE 1B               CP    ESC            ;ESC exits routine
0115+  10D1 28 27               JR    Z,GETOUT
0116+  10D3 47                  LD    B,A            ;save the ASCII character to echo later
0117+  10D4 CD 9E 14            CALL  ASC2HEX        ;convert to lower nibble hex value
0118+  10D7 30 F3               JR    NC,GETCHR      ;reject non hex chars
0119+  10D9 21 14 3F            LD    HL,DATA
0120+  10DC 77                  LD    (HL),A         ;save the high nibble
0121+  10DD             ;
0122+  10DD 78                  LD    A,B            ;get the ASCII character back
0123+  10DE CD 21 08            CALL  TXDATA         ;and echo valid hex
0124+  10E1             ;
0125+  10E1             ; get the low nibble
0126+  10E1             ;
0127+  10E1 CD 4C 08    GETNYB  CALL  RXDATA
0128+  10E4 FE 1B               CP    ESC            ;escape exits routine
0129+  10E6 28 12               JR    Z,GETOUT
0130+  10E8 47                  LD    B,A            ;save the ASCII character to echo later
0131+  10E9 CD 9E 14            CALL  ASC2HEX        ;convert to lower nibble hex value
0132+  10EC 30 F3               JR    NC,GETNYB      ;reject non hex chars
0133+  10EE             ;
0134+  10EE ED 6F               RLD                  ;do a BCD rotate left to combine the nibbles
0135+  10F0             ;
0136+  10F0 78                  LD    A,B            ;get the ASCII character back
0137+  10F1 CD 21 08            CALL  TXDATA         ;and echo valid hex
0138+  10F4             ;
0139+  10F4 7E                  LD    A,(HL)         ;put the byte in ACC to return
0140+  10F5 CD FA 10            CALL  GETOUT         ;make sure we clear the carry by setting it,
0141+  10F8 3F                  CCF                  ;and then complementing it
0142+  10F9 C9                  RET
0143+  10FA 37          GETOUT  SCF                  ;set the carry flag to exit back to menu
0144+  10FB C9                  RET
0145+  10FC             ;------------------------------
0146+  10FC             ; GO <ADDR>
0147+  10FC             ; TRANSFERS EXECUTION TO <ADDR>
0148+  10FC             ;------------------------------
0149+  10FC CD 25 11    GOJUMP  CALL  OUTSP
0150+  10FF CD CC 10            CALL  GETCHR         ;get address high byte
0151+  1102 D8                  RET   C              ;ESC 
0152+  1103 32 13 3F            LD    (ADDR+1),A     ;save address high
0153+  1106 CD CC 10            CALL  GETCHR         ;get address low byte
0154+  1109 D8                  RET   C              ;ESC
0155+  110A 32 12 3F            LD    (ADDR),A       ;save address low
0156+  110D             ;
0157+  110D             ; wait for a CR or ESC
0158+  110D             ;
0159+  110D CD 4C 08    GOJMP1  CALL  RXDATA
0160+  1110 FE 1B               CP    ESC            ;ESC key?
0161+  1112 C8                  RET   Z              ;Z=1 yes, exit
0162+  1113 FE 0D               CP    CR             ;CR?
0163+  1115 20 F6               JR    NZ,GOJMP1      ;Z=0 no, keep waiting
0164+  1117 CD 2A 11            CALL  TXCRLF
0165+  111A 2A 12 3F            LD    HL,(ADDR)
0166+  111D 3E E9               LD    A,0E9H         ; put the JMP (HL)
0167+  111F 32 65 3F            LD    (JMPHL),A      ;instruction in RAM
0168+  1122 C3 65 3F            JP    JMPHL          ;and JP to it
0169+  1125             ;---------------
0170+  1125             ; OUTPUT A SPACE
0171+  1125             ;---------------
0172+  1125 3E 20       OUTSP   LD    A,' '
0173+  1127 C3 21 08            JP    TXDATA
0174+  112A             ;-------------
0175+  112A             ; OUTPUT CRLF
0176+  112A             ;------------
0177+  112A 3E 0D       TXCRLF  LD    A,CR
0178+  112C CD 21 08            CALL  TXDATA
0179+  112F 3E 0A               LD    A,LF
0180+  1131 C3 21 08            JP    TXDATA
0181+  1134             ;---------------------
0182+  1134             ; DISPLAY COMMAND HELP
0183+  1134             ;---------------------
0184+  1134 CD 78 16    HELP    CALL  ILPSZ
0185+  1137 0D 0A 44 20         .DB   CR,LF,"D AAAA<CR>  Display Data at Address AAAA"
0185+  113B 41 41 41 41 
0185+  113F 3C 43 52 3E 
0185+  1143 20 20 44 69 
0185+  1147 73 70 6C 61 
0185+  114B 79 20 44 61 
0185+  114F 74 61 20 61 
0185+  1153 74 20 41 64 
0185+  1157 64 72 65 73 
0185+  115B 73 20 41 41 
0185+  115F 41 41 
0186+  1161 0D 0A 54 20         .DB   CR,LF,"T           Toggle Single Stepper Hardware"
0186+  1165 20 20 20 20 
0186+  1169 20 20 20 20 
0186+  116D 20 20 54 6F 
0186+  1171 67 67 6C 65 
0186+  1175 20 53 69 6E 
0186+  1179 67 6C 65 20 
0186+  117D 53 74 65 70 
0186+  1181 70 65 72 20 
0186+  1185 48 61 72 64 
0186+  1189 77 61 72 65 
0187+  118D 0D 0A 4D 20         .DB   CR,LF,"M AAAA      Modify Address AAAA"
0187+  1191 41 41 41 41 
0187+  1195 20 20 20 20 
0187+  1199 20 20 4D 6F 
0187+  119D 64 69 66 79 
0187+  11A1 20 41 64 64 
0187+  11A5 72 65 73 73 
0187+  11A9 20 41 41 41 
0187+  11AD 41 
0188+  11AE 0D 0A 47 20         .DB   CR,LF,"G AAAA<CR>  GO from AAAA"
0188+  11B2 41 41 41 41 
0188+  11B6 3C 43 52 3E 
0188+  11BA 20 20 47 4F 
0188+  11BE 20 66 72 6F 
0188+  11C2 6D 20 41 41 
0188+  11C6 41 41 
0189+  11C8 0D 0A 49 20         .DB   CR,LF,"I           Download INTEL Hex"
0189+  11CC 20 20 20 20 
0189+  11D0 20 20 20 20 
0189+  11D4 20 20 44 6F 
0189+  11D8 77 6E 6C 6F 
0189+  11DC 61 64 20 49 
0189+  11E0 4E 54 45 4C 
0189+  11E4 20 48 65 78 
0190+  11E8 0D 0A 53 20         .DB   CR,LF,"S           Single Step"
0190+  11EC 20 20 20 20 
0190+  11F0 20 20 20 20 
0190+  11F4 20 20 53 69 
0190+  11F8 6E 67 6C 65 
0190+  11FC 20 53 74 65 
0190+  1200 70 
0191+  1201 0D 0A 52 20         .DB   CR,LF,"R           Display Registers"
0191+  1205 20 20 20 20 
0191+  1209 20 20 20 20 
0191+  120D 20 20 44 69 
0191+  1211 73 70 6C 61 
0191+  1215 79 20 52 65 
0191+  1219 67 69 73 74 
0191+  121D 65 72 73 
0192+  1220 0D 0A 4C 20         .DB   CR,LF,"L AAAA<CR>  List Disassembly from AAAA"
0192+  1224 41 41 41 41 
0192+  1228 3C 43 52 3E 
0192+  122C 20 20 4C 69 
0192+  1230 73 74 20 44 
0192+  1234 69 73 61 73 
0192+  1238 73 65 6D 62 
0192+  123C 6C 79 20 66 
0192+  1240 72 6F 6D 20 
0192+  1244 41 41 41 41 
0193+  1248 0D 0A 42 20         .DB   CR,LF,"B           View/change breakpoint address"
0193+  124C 20 20 20 20 
0193+  1250 20 20 20 20 
0193+  1254 20 20 56 69 
0193+  1258 65 77 2F 63 
0193+  125C 68 61 6E 67 
0193+  1260 65 20 62 72 
0193+  1264 65 61 6B 70 
0193+  1268 6F 69 6E 74 
0193+  126C 20 61 64 64 
0193+  1270 72 65 73 73 
0194+  1274 0D 0A 58 20         .DB   CR,LF,"X           Exit"
0194+  1278 20 20 20 20 
0194+  127C 20 20 20 20 
0194+  1280 20 20 45 78 
0194+  1284 69 74 
0195+  1286 0D 0A 48 20         .DB   CR,LF,"H           This Help Message",CR,LF,0
0195+  128A 20 20 20 20 
0195+  128E 20 20 20 20 
0195+  1292 20 20 54 68 
0195+  1296 69 73 20 48 
0195+  129A 65 6C 70 20 
0195+  129E 4D 65 73 73 
0195+  12A2 61 67 65 0D 
0195+  12A6 0A 00 
0196+  12A8 C9                  RET
0197+  12A9             ;-----------
0198+  12A9             ; BREAKPOINT
0199+  12A9             ;-----------
0200+  12A9             ;
0201+  12A9             ; save a breakpoint address
0202+  12A9             ;
0203+  12A9 CD 78 16    BPOINT  CALL  ILPSZ
0204+  12AC 0D 0A 43 75         .DB   CR,LF,"Current Breakpoint : ",0
0204+  12B0 72 72 65 6E 
0204+  12B4 74 20 42 72 
0204+  12B8 65 61 6B 70 
0204+  12BC 6F 69 6E 74 
0204+  12C0 20 3A 20 00 
0205+  12C4             
0206+  12C4             ;show the current break address
0207+  12C4 ED 5B 63 3F         LD    DE,(BRKADD)
0208+  12C8 21 00 3E            LD    HL,BUFFER
0209+  12CB CD 51 15            CALL  WRDASC         ;convert address in de to ASCII
0210+  12CE 21 00 3E            LD    HL,BUFFER
0211+  12D1 CD 42 15            CALL  WRDOUT         ;output the address
0212+  12D4 CD 25 11            CALL  OUTSP
0213+  12D7             
0214+  12D7 CD 78 16            CALL  ILPSZ
0215+  12DA 0D 0A 45 6E         .DB   CR,LF,"Enter new Breakpoint : ",0
0215+  12DE 74 65 72 20 
0215+  12E2 6E 65 77 20 
0215+  12E6 42 72 65 61 
0215+  12EA 6B 70 6F 69 
0215+  12EE 6E 74 20 3A 
0215+  12F2 20 00 
0216+  12F4             
0217+  12F4             ;get a new break address
0218+  12F4 CD CC 10            CALL  GETCHR
0219+  12F7 D8                  RET   C              ;ESC
0220+  12F8 32 64 3F            LD    (BRKADD+1),A   ;save address high
0221+  12FB CD CC 10            CALL  GETCHR
0222+  12FE D8                  RET   C              ;ESC
0223+  12FF 32 63 3F            LD    (BRKADD),A     ;save address low
0224+  1302 C9                  RET
0225+  1303             ;-----------------------------------------------
0226+  1303             ; T COMMAND TOGGLE SINGLE STEPPER (IF INSTALLED)
0227+  1303             ;-----------------------------------------------
0228+  1303             ; The single stepper is (now) controlled by bit 7
0229+  1303             ; of the REFRESH register:
0230+  1303             ; B7 = 1 single stepper is enabled
0231+  1303             ; B7 = 0 single stepper is disabled
0232+  1303             ; 
0233+  1303             ; The previous version of the single stepper hardware
0234+  1303             ; used the spare IO port (PORT7) to toggle a flip-flop.
0235+  1303             ; 
0236+  1303 CD 78 16    SSTOGL  CALL  ILPSZ
0237+  1306 0D 0A 49 4F         .DB   CR,LF,"IO7 Single Step Toggle",CR,LF,0
0237+  130A 37 20 53 69 
0237+  130E 6E 67 6C 65 
0237+  1312 20 53 74 65 
0237+  1316 70 20 54 6F 
0237+  131A 67 67 6C 65 
0237+  131E 0D 0A 00 
0238+  1321             ; can't tell if the single stepper is on or off
0239+  1321             ; so we will just toggle the flip flop
0240+  1321 D3 87               OUT   (IO7),A        ;toggle hardware latch
0241+  1323             ;
0242+  1323             ; toggle REFRESH register Bit 7
0243+  1323             ;
0244+  1323 ED 5F               LD    A,R
0245+  1325 CB 7F               BIT   7,A
0246+  1327 28 2B               JR    Z,STOGL1       ;single step is OFF turn ON
0247+  1329 CB BF               RES   7,A
0248+  132B ED 4F               LD    R,A            ;turn OFF single stepper
0249+  132D CD 78 16            CALL  ILPSZ
0250+  1330 52 45 46 52         .DB   "REFRESH D7 Single Stepper is OFF",CR,LF,0
0250+  1334 45 53 48 20 
0250+  1338 44 37 20 53 
0250+  133C 69 6E 67 6C 
0250+  1340 65 20 53 74 
0250+  1344 65 70 70 65 
0250+  1348 72 20 69 73 
0250+  134C 20 4F 46 46 
0250+  1350 0D 0A 00 
0251+  1353 C9                  RET
0252+  1354 CB FF       STOGL1  SET   7,A
0253+  1356 ED 4F               LD    R,A            ;turn ON single stepper
0254+  1358 CD 78 16            CALL  ILPSZ
0255+  135B 52 45 46 52        .DB    "REFRESH D7 Single Stepper is ON",CR,LF,0
0255+  135F 45 53 48 20 
0255+  1363 44 37 20 53 
0255+  1367 69 6E 67 6C 
0255+  136B 65 20 53 74 
0255+  136F 65 70 70 65 
0255+  1373 72 20 69 73 
0255+  1377 20 4F 4E 0D 
0255+  137B 0A 00 
0256+  137D C9                  RET
0257+  137E             ;----------------------------
0258+  137E             ; M DISPLAY AND MODIFY MEMORY
0259+  137E             ;----------------------------
0260+  137E CD 25 11    MODIFY  CALL  OUTSP
0261+  1381             ;
0262+  1381             ;get the address
0263+  1381             ;
0264+  1381 CD CC 10            CALL  GETCHR
0265+  1384 D8                  RET   C              ;ESC
0266+  1385 32 13 3F            LD    (ADDR+1),A     ;save address high
0267+  1388 CD CC 10            CALL  GETCHR
0268+  138B D8                  RET   C
0269+  138C 32 12 3F            LD    (ADDR),A       ;save address low
0270+  138F             ;
0271+  138F             ; display on a new line
0272+  138F             ;
0273+  138F CD 2A 11    MDIFY1  CALL  TXCRLF
0274+  1392 ED 5B 12 3F         LD    DE,(ADDR)
0275+  1396 21 00 3E            LD    HL,BUFFER
0276+  1399 CD 51 15            CALL  WRDASC         ;convert address in de to ASCII
0277+  139C 21 00 3E            LD    HL,BUFFER
0278+  139F CD 42 15            CALL  WRDOUT         ;output the address
0279+  13A2 CD 25 11            CALL  OUTSP
0280+  13A5             ;
0281+  13A5             ; get the data at the address
0282+  13A5             ;
0283+  13A5 2A 12 3F            LD    HL,(ADDR)
0284+  13A8 7E                  LD    A,(HL)
0285+  13A9             ;
0286+  13A9             ; display the data
0287+  13A9             ;
0288+  13A9 21 00 3E            LD    HL,BUFFER
0289+  13AC CD 56 15            CALL  BYTASC         ;convert the data byte in ACC to ASCII
0290+  13AF 21 00 3E            LD    HL,BUFFER
0291+  13B2 CD 45 15            CALL  BYTOUT         ;output the byte
0292+  13B5 CD 25 11            CALL  OUTSP
0293+  13B8             ;
0294+  13B8             ; get new data,exit or continue
0295+  13B8             ;
0296+  13B8 CD CC 10            CALL  GETCHR
0297+  13BB D8                  RET   C              ;ESC
0298+  13BC 47                  LD    B,A            ;save it for later
0299+  13BD 2A 12 3F            LD    HL,(ADDR)
0300+  13C0 77                  LD    (HL),A         ;put the byte at the current address
0301+  13C1 78                  LD    A,B
0302+  13C2 BE                  CP    (HL)
0303+  13C3 28 05               JR    Z,MDIFY2
0304+  13C5 3E 3F               LD    A,'?'
0305+  13C7 CD 21 08            CALL  TXDATA         ;not the same data, probably no ram there
0306+  13CA             ;
0307+  13CA             ; increment the address
0308+  13CA             ;
0309+  13CA 23          MDIFY2  INC   HL
0310+  13CB 22 12 3F            LD    (ADDR),HL
0311+  13CE C3 8F 13            JP    MDIFY1
0312+  13D1             ;-----------------------
0313+  13D1             ; RECEIVE INTEL HEX FILE
0314+  13D1             ;-----------------------
0315+  13D1 CD 78 16    INTHEX  CALL  ILPSZ
0316+  13D4 0D 0A 53 65         .DB   CR,LF,"Send INTEL Hex File...",0
0316+  13D8 6E 64 20 49 
0316+  13DC 4E 54 45 4C 
0316+  13E0 20 48 65 78 
0316+  13E4 20 46 69 6C 
0316+  13E8 65 2E 2E 2E 
0316+  13EC 00 
0317+  13ED CD AB 07            CALL  INTELH
0318+  13F0 20 19               JR    NZ,ITHEX1
0319+  13F2 CD 78 16            CALL  ILPSZ
0320+  13F5 0D 0A 46 69         .DB   CR,LF,"File Received OK",CR,LF,0
0320+  13F9 6C 65 20 52 
0320+  13FD 65 63 65 69 
0320+  1401 76 65 64 20 
0320+  1405 4F 4B 0D 0A 
0320+  1409 00 
0321+  140A C9                  RET
0322+  140B CD 78 16    ITHEX1  CALL  ILPSZ
0323+  140E 0D 0A 43 68         .DB   CR,LF,"Checksum Error",CR,LF,0
0323+  1412 65 63 6B 73 
0323+  1416 75 6D 20 45 
0323+  141A 72 72 6F 72 
0323+  141E 0D 0A 00 
0324+  1421 C9                  RET
0325+  1422             ;-----------------
0326+  1422             ; LIST DISASSEMBLY
0327+  1422             ;-----------------
0328+  1422 CD 25 11    LISTA   CALL  OUTSP
0329+  1425 CD CC 10            CALL  GETCHR         ;get address high byte
0330+  1428 D8                  RET   C              ;ESC 
0331+  1429 32 13 3F            LD    (ADDR+1),A     ;save address high
0332+  142C CD CC 10            CALL  GETCHR         ;get address low byte
0333+  142F D8                  RET   C              ;ESC
0334+  1430 32 12 3F            LD    (ADDR),A       ;save address low
0335+  1433 ED 5B 12 3F         LD    DE,(ADDR)
0336+  1437             ;
0337+  1437             ; wait for CR or ESC
0338+  1437             ;
0339+  1437 CD 4C 08    LISTA1  CALL  RXDATA
0340+  143A FE 1B               CP    ESC
0341+  143C C8                  RET   Z
0342+  143D FE 0D               CP    CR
0343+  143F 20 F6               JR    NZ,LISTA1
0344+  1441 3E 0A               LD    A,LF
0345+  1443 CD 21 08            CALL  TXDATA
0346+  1446             ;
0347+  1446             ; list 10 lines
0348+  1446             ;
0349+  1446 3E 0D       LISTA2  LD    A,CR
0350+  1448 CD 21 08            CALL  TXDATA
0351+  144B 06 0A               LD    B,10
0352+  144D C5          LISTA3  PUSH  BC
0353+  144E CD 85 16            CALL  DISASM          ;disassemble the address
0354+  1451 CD 2A 11            CALL  TXCRLF
0355+  1454 C1                  POP   BC
0356+  1455 10 F6               DJNZ  LISTA3          ;disassemble 10 lines
0357+  1457             ;
0358+  1457             ; list more or exit
0359+  1457             ;
0360+  1457 CD 5D 14            CALL  ESCMORE
0361+  145A 28 EA               JR    Z,LISTA2
0362+  145C C9                  RET
0363+  145D             ;------------------
0364+  145D             ; LIST MORE OR EXIT
0365+  145D             ;------------------
0366+  145D CD 78 16    ESCMORE CALL  ILPSZ
0367+  1460 5B 45 53 43         .DB   "[ESC]quit,[SPACE]more",0
0367+  1464 5D 71 75 69 
0367+  1468 74 2C 5B 53 
0367+  146C 50 41 43 45 
0367+  1470 5D 6D 6F 72 
0367+  1474 65 00 
0368+  1476 CD 4C 08    ESCMOR1 CALL  RXDATA
0369+  1479 38 FB               JR    C,ESCMOR1
0370+  147B FE 20               CP    ' '            ;space continues
0371+  147D C8                  RET   Z
0372+  147E FE 1B               CP    ESC            ;escape key exits
0373+  1480 20 F4               JR    NZ,ESCMOR1
0374+  1482 FE 01               CP    1              ;clear zero flag
0375+  1484 C9                  RET
0376+  1485             ;------------------------
0377+  1485             ; EXIT BACK TO SC MONITOR
0378+  1485             ;------------------------
0379+  1485             ; we saved the stack pointer when we entered scbug
0380+  1485             ; we will use it now to return from where we came from
0381+  1485             ;
0382+  1485 21 09 06    EXIT    LD    HL,SSTEP       ;restore the 
0383+  1488 22 5B 3F            LD    (RST38),HL     ;default interrupt vector
0384+  148B CD 78 16            CALL  ILPSZ
0385+  148E 0D 0A 42 79         .DB   CR,LF,"Bye...",CR,LF,0
0385+  1492 65 2E 2E 2E 
0385+  1496 0D 0A 00 
0386+  1499             ;
0387+  1499 ED 7B 10 3F         LD    SP,(SPSAVE)    ;restore stack pointer
0388+  149D C9                  RET
0389+  149E             ;----------------------------------------
0390+  149E             ; CONVERT ASCII CHARACTER INTO HEX NIBBLE
0391+  149E             ;----------------------------------------
0392+  149E             ; this routine is for masking out keyboard
0393+  149E             ; entry other than hexadecimal keys
0394+  149E             ;
0395+  149E             ;converts ASCII 0-9,A-F into hex LSN
0396+  149E             ;entry : ACC = ASCII 0-9,A-F
0397+  149E             ;exit  : carry =  1
0398+  149E             ;          ACC = hex 0-F in LSN
0399+  149E             ;      : carry = 0
0400+  149E             ;          ACC = out of range character & 7FH
0401+  149E             ; a and f registers modified
0402+  149E             ;
0403+  149E E6 7F       ASC2HEX AND   7FH            ;strip out parity
0404+  14A0 FE 30               CP    '0'
0405+  14A2 38 23               JR    C,AC2HEX4      ;less than 0
0406+  14A4 FE 3A               CP    3AH
0407+  14A6 30 04               JR    NC,AC2HEX2     ;more than 9
0408+  14A8 E6 0F               AND   0FH            ;convert to nibble
0409+  14AA 37          AC2HEX1 SCF                  ;set the carry - is hex
0410+  14AB C9                  RET
0411+  14AC             ;
0412+  14AC FE 41       AC2HEX2 CP    'A'
0413+  14AE 38 17               JR    C,AC2HEX4      ;less than A
0414+  14B0 FE 47               CP    47H
0415+  14B2 30 04               JR    NC,AC2HEX3     ;more than F
0416+  14B4 D6 07               SUB   07H            ;convert to nibble
0417+  14B6 18 F2               JR    AC2HEX1
0418+  14B8                     
0419+  14B8 FE 61       AC2HEX3 CP    'a'
0420+  14BA DA C7 14            JP    C,AC2HEX4      ;less than a
0421+  14BD FE 67               CP    67H
0422+  14BF 30 06               JR    NC,AC2HEX4     ;more than f
0423+  14C1 E6 DF               AND   0DFH
0424+  14C3 D6 07               SUB   07H            ;convert to nibble
0425+  14C5 18 E3               JR    AC2HEX1
0426+  14C7 E6 FF       AC2HEX4 AND   0FFH           ;reset the carry - not hex
0427+  14C9 C9                  RET
0428+  14CA             ;------------------
0429+  14CA             ; D DISPLAY MEMORY 
0430+  14CA             ;------------------
0431+  14CA CD 25 11    DSPLAY  CALL  OUTSP          ;a space
0432+  14CD CD CC 10            CALL  GETCHR
0433+  14D0 D8                  RET   C
0434+  14D1 32 13 3F            LD    (ADDR+1),A     ;save address high
0435+  14D4 CD CC 10            CALL  GETCHR
0436+  14D7 D8                  RET   C
0437+  14D8 32 12 3F            LD    (ADDR),A       ;save address low
0438+  14DB             ;
0439+  14DB             ; wait for CR or ESC
0440+  14DB             ;
0441+  14DB CD 4C 08    DPLAY1  CALL  RXDATA
0442+  14DE FE 1B               CP    ESC
0443+  14E0 C8                  RET   Z
0444+  14E1 FE 0D               CP    CR
0445+  14E3 20 F6               JR    NZ,DPLAY1
0446+  14E5 3E 0A               LD    A,LF
0447+  14E7 CD 21 08            CALL  TXDATA
0448+  14EA             ;
0449+  14EA             ; list 8 lines
0450+  14EA             ;
0451+  14EA 3E 0D       DPLAY2  LD    A,CR
0452+  14EC CD 21 08            CALL  TXDATA
0453+  14EF 06 08               LD    B,8
0454+  14F1 C5          DPLAY3  PUSH  BC
0455+  14F2 CD 02 15            CALL  DPLINE
0456+  14F5 ED 53 12 3F         LD    (ADDR),DE      ;save the new address
0457+  14F9 C1                  POP   BC
0458+  14FA 10 F5               DJNZ  DPLAY3          ;display 8 lines
0459+  14FC             ;
0460+  14FC             ; list more or exit
0461+  14FC             ;
0462+  14FC CD 5D 14            CALL  ESCMORE
0463+  14FF 28 E9               JR    Z,DPLAY2
0464+  1501 C9                  RET
0465+  1502             ;-------------------------
0466+  1502             ; DISPLAY A LINE OF MEMORY
0467+  1502             ;-------------------------
0468+  1502 ED 5B 12 3F DPLINE  LD    DE,(ADDR)      ;address to be displayed
0469+  1506 21 00 3E            LD    HL,BUFFER      ;HL -> output string
0470+  1509             ;
0471+  1509             ; display the address
0472+  1509             ;
0473+  1509 CD 51 15            CALL  WRDASC         ;convert address in de to ASCII
0474+  150C CD 6C 15            CALL  SPCBUF
0475+  150F             ;
0476+  150F             ; display 16 bytes
0477+  150F             ;
0478+  150F 06 10               LD    B,16
0479+  1511 1A          DLINE1  LD    A,(DE)
0480+  1512 CD 56 15            CALL  BYTASC
0481+  1515 CD 6C 15            CALL  SPCBUF
0482+  1518 13                  INC   DE
0483+  1519 10 F6               DJNZ  DLINE1
0484+  151B CD 6C 15            CALL  SPCBUF
0485+  151E             ;
0486+  151E             ; now display the ASCII character
0487+  151E             ; if you are displaying non-memory areas the bytes read and the ASCII could
0488+  151E             ; be different between the two passes!
0489+  151E             ;
0490+  151E ED 5B 12 3F         LD    DE,(ADDR)
0491+  1522 06 10               LD    B,16
0492+  1524 1A          DLINE2  LD    A,(DE)
0493+  1525 FE 20               CP    20H
0494+  1527 38 07               JR    C,DOT
0495+  1529 FE 7F               CP    7FH
0496+  152B 30 03               JR    NC,DOT
0497+  152D C3 32 15            JP    NDOT
0498+  1530 3E 2E       DOT     LD    A,'.'
0499+  1532 CD 67 15    NDOT    CALL  INSBUF
0500+  1535 13                  INC   DE
0501+  1536 10 EC               DJNZ  DLINE2
0502+  1538             ;
0503+  1538             ; terminate and display string
0504+  1538             ;
0505+  1538 CD 71 15            CALL  BCRLF
0506+  153B 21 00 3E            LD    HL,BUFFER
0507+  153E CD 50 16            CALL  SNDMSG
0508+  1541 C9                  RET
0509+  1542             ;----------------------
0510+  1542             ; SEND ASCII HEX VALUES
0511+  1542             ;----------------------
0512+  1542             ; entry:
0513+  1542             ;        HL -> 1,2 or 4 byte SZ
0514+  1542             ;
0515+  1542             ; output the 4 byte, WRDOUT
0516+  1542             ; the 2 byte, BYTOUT
0517+  1542             ; or the single byte, NYBOUT
0518+  1542             ; ASCII string at HL
0519+  1542             ;
0520+  1542 CD 45 15    WRDOUT  CALL  BYTOUT         ;call nybout 4 times
0521+  1545 CD 48 15    BYTOUT  CALL  NYBOUT         ;call nybout 2 times
0522+  1548 7E          NYBOUT  LD    A,(HL)         ;call nybout once
0523+  1549 B7                  OR    A
0524+  154A 28 04               JR    Z,NYBOUT1      ;found a null terminator,exit
0525+  154C CD 21 08            CALL  TXDATA
0526+  154F 23                  INC HL
0527+  1550 C9          NYBOUT1 RET
0528+  1551             ;----------------
0529+  1551             ;convert to ASCII
0530+  1551             ;----------------
0531+  1551             ;
0532+  1551             ; convert a word,a byte or a nibble to ASCII
0533+  1551             ;
0534+  1551             ; entry:  WRDASC           DE = word to convert
0535+  1551             ;         BYTASC            A = byte to convert
0536+  1551             ;         NYBASC (B3-B0) of A = nibble to convert
0537+  1551             ;         HL = character buffer address
0538+  1551             ;
0539+  1551             ; exit :  HL = points to last character+1
0540+  1551             ;         af is modified
0541+  1551             ;
0542+  1551 7A          WRDASC  LD    A,D            ;convert and
0543+  1552 CD 56 15            CALL  BYTASC         ;output D
0544+  1555 7B                  LD    A,E            ;then E
0545+  1556             ;
0546+  1556             ;convert a byte to ASCII 
0547+  1556             ;
0548+  1556 F5          BYTASC  PUSH  AF             ;save a for second nibble
0549+  1557 0F                  RRCA                 ;shift high nibble across
0550+  1558 0F                  RRCA
0551+  1559 0F                  RRCA
0552+  155A 0F                  RRCA
0553+  155B CD 5F 15            CALL  NYBASC         ;call nibble converter
0554+  155E F1                  POP AF               ;restore low nibble
0555+  155F             ;
0556+  155F             ; convert a nibble to ASCII
0557+  155F             ;
0558+  155F E6 0F       NYBASC  AND   0FH            ;mask off high nibble
0559+  1561 C6 90               ADD   A,90H          ;convert to
0560+  1563 27                  DAA                  ;ASCII
0561+  1564 CE 40               ADC   A,40H
0562+  1566 27                  DAA
0563+  1567             ; save in string
0564+  1567             ; add a character to build the string,
0565+  1567             ; add a zero byte terminator each add
0566+  1567             ;
0567+  1567 77          INSBUF  LD    (HL),A
0568+  1568 23                  INC   HL
0569+  1569 AF                  XOR   A              ;clear A
0570+  156A 77                  LD    (HL),A         ;terminate the string
0571+  156B C9                  RET 
0572+  156C             ;
0573+  156C             ; put a space in the buffer
0574+  156C             ;
0575+  156C 3E 20       SPCBUF  LD    A,' '
0576+  156E C3 67 15            JP    INSBUF
0577+  1571             ;
0578+  1571             ; put a CR,LF in the buffer
0579+  1571             ;
0580+  1571 3E 0D       BCRLF   LD    A,CR
0581+  1573 CD 67 15            CALL  INSBUF
0582+  1576 3E 0A               LD    A,LF
0583+  1578 C3 67 15            JP    INSBUF
0584+  157B             ;----------------------
0585+  157B             ; SERIAL SINGLE STEPPER
0586+  157B             ;----------------------
0587+  157B E1          SSSTEP  POP   HL             ;get HL back
0588+  157C F5                  PUSH  AF             ;save af for later
0589+  157D 22 49 3F            LD    (TMPHL),HL
0590+  1580 ED 53 47 3F         LD    (TMPDE),DE
0591+  1584 ED 43 45 3F         LD    (TMPBC),BC
0592+  1588 DD 22 4B 3F         LD    (TMPIX),IX
0593+  158C FD 22 4D 3F         LD    (TMPIY),IY     ;save registers
0594+  1590 E1                  POP   HL             ;get af back
0595+  1591 22 43 3F            LD    (TMPAF),HL     ;save af
0596+  1594 E1                  POP   HL             ;get pc return address
0597+  1595 22 41 3F            LD    (TMPPC),HL     ;save pc
0598+  1598 ED 73 4F 3F         LD    (TMPSP),SP     ;save stack pointer
0599+  159C             ;
0600+  159C             ; check for active breakpoint
0601+  159C             ;
0602+  159C 2A 63 3F            LD    HL,(BRKADD)    ;if brkadd is zero
0603+  159F 7C                  LD    A,H            ;no breakpoint is set
0604+  15A0 B5                  OR    L
0605+  15A1 28 10               JR    Z,SSTEPA       ;Z=1 brkadd is zero
0606+  15A3             ;
0607+  15A3             ; breakpoint set, check for address match
0608+  15A3             ;
0609+  15A3 ED 4B 41 3F         LD    BC,(TMPPC)
0610+  15A7 A7                  AND   A
0611+  15A8 ED 42               SBC   HL,BC          ;compare HL with BC
0612+  15AA C2 BA 15            JP    NZ,PGMRET      ;continue, no match
0613+  15AD             ;
0614+  15AD             ; breakpoint reached, clear the breakpoint
0615+  15AD             ; 
0616+  15AD 21 00 00            LD    HL,0000H
0617+  15B0 22 63 3F            LD    (BRKADD),HL
0618+  15B3             ;
0619+  15B3 CD DC 15    SSTEPA  CALL  DISREG         ;display registers
0620+  15B6             ;
0621+  15B6             ;return to monitor
0622+  15B6             ;
0623+  15B6 FB                  EI                   ;re-enable interrupts
0624+  15B7 C3 A4 10            JP    WARM           ;exit the interrupt routine
0625+  15BA             ;
0626+  15BA             ; return to interrupted program
0627+  15BA             ;
0628+  15BA ED 7B 4F 3F PGMRET  LD    SP,(TMPSP)     ;put stack pointer back
0629+  15BE 2A 41 3F            LD    HL,(TMPPC)     ;put return
0630+  15C1 E5                  PUSH  HL             ;address back on stack
0631+  15C2 2A 43 3F            LD    HL,(TMPAF)
0632+  15C5 E5                  PUSH  HL             ;save af reg for later
0633+  15C6 FD 2A 4D 3F         LD    IY,(TMPIY)
0634+  15CA DD 2A 4B 3F         LD    IX,(TMPIX)
0635+  15CE ED 4B 45 3F         LD    BC,(TMPBC)
0636+  15D2 ED 5B 47 3F         LD    DE,(TMPDE)     ;restore registers
0637+  15D6 F1                  POP   AF             ;restore AF
0638+  15D7 2A 49 3F            LD    HL,(TMPHL)     ;restore HL
0639+  15DA FB                  EI                   ;re-enable interrupts
0640+  15DB C9                  RET                  ;and return to program
0641+  15DC             ;----------------------
0642+  15DC             ; DISPLAY THE REGISTERS
0643+  15DC             ;----------------------
0644+  15DC CD F0 15    DISREG  CALL  REGSTR         ;display registers
0645+  15DF 21 00 3E            LD    HL,BUFFER
0646+  15E2 CD 50 16            CALL  SNDMSG
0647+  15E5             ;
0648+  15E5             ; show the disassembled instruction
0649+  15E5             ;
0650+  15E5 ED 5B 41 3F         LD    DE,(TMPPC)
0651+  15E9 CD 85 16            CALL  DISASM
0652+  15EC CD 2A 11            CALL  TXCRLF
0653+  15EF C9                  RET
0654+  15F0             ;-----------------------
0655+  15F0             ; CREATE REGISTER STRING
0656+  15F0             ;-----------------------
0657+  15F0 CD 78 16    REGSTR  CALL  ILPSZ
0658+  15F3 0D 0A 50 43         .DB   CR,LF,"PC   AF   BC   DE   HL   IX   IY   SP   SZ-H-VNC",CR,LF,0
0658+  15F7 20 20 20 41 
0658+  15FB 46 20 20 20 
0658+  15FF 42 43 20 20 
0658+  1603 20 44 45 20 
0658+  1607 20 20 48 4C 
0658+  160B 20 20 20 49 
0658+  160F 58 20 20 20 
0658+  1613 49 59 20 20 
0658+  1617 20 53 50 20 
0658+  161B 20 20 53 5A 
0658+  161F 2D 48 2D 56 
0658+  1623 4E 43 0D 0A 
0658+  1627 00 
0659+  1628             ;
0660+  1628             ; display the registers
0661+  1628             ;
0662+  1628 06 08               LD    B,08H          ;eight registers pairs
0663+  162A 21 00 3E            LD    HL,BUFFER      ;->output buffer
0664+  162D DD 21 41 3F         LD    IX,TMPPC       ;->start of saved register pairs
0665+  1631 DD 7E 01    REGSTR1  LD    A,(IX+1)       ;put the ASCII for the
0666+  1634 CD 56 15            CALL  BYTASC         ;high byte and low byte of the 
0667+  1637 DD 7E 00            LD    A,(IX+0)       ;register pair into
0668+  163A CD 56 15            CALL  BYTASC         ;the buffer
0669+  163D DD 23               INC   IX
0670+  163F DD 23               INC   IX             ;-> next register pair
0671+  1641 3E 20               LD    A,' '
0672+  1643 77                  LD    (HL),A        ;put a space between the registers
0673+  1644 23                  INC   HL            ;point to the next register pair
0674+  1645 10 EA               DJNZ  REGSTR1        ;Z=0 get next register pair
0675+  1647             ;
0676+  1647             ; display the flags
0677+  1647             ;
0678+  1647 3A 43 3F            LD    A,(TMPAF)      ;get the flags and
0679+  164A CD 63 16            CALL  BITASC         ;show them as bits
0680+  164D C3 71 15            JP    BCRLF          ;terminate the string and return
0681+  1650             ;-----------------------------------------
0682+  1650             ; send an ASCII string out the serial port
0683+  1650             ;-----------------------------------------
0684+  1650             ;
0685+  1650             ; sends a zero terminated string or 
0686+  1650             ; 255 characters max. out the serial port
0687+  1650             ;
0688+  1650             ;      entry: HL = pointer to zero terminated string
0689+  1650             ;      exit : same as entry
0690+  1650             ;
0691+  1650 C5          SNDMSG  PUSH  BC
0692+  1651 E5                  PUSH  HL
0693+  1652 F5                  PUSH  AF
0694+  1653 06 FF               LD    B,255          ;255 chars max
0695+  1655 7E          SDMSG1  LD    A,(HL)         ;get the char
0696+  1656 B7                  OR    A              ;zero terminator?
0697+  1657 28 06               JR    Z,SDMSG2       ;found a zero terminator, exit
0698+  1659 CD 21 08            CALL  TXDATA         ;transmit the char
0699+  165C 23                  INC   HL
0700+  165D 10 F6               DJNZ  SDMSG1         ;255 chars max!
0701+  165F             
0702+  165F F1          SDMSG2  POP   AF
0703+  1660 E1                  POP   HL
0704+  1661 C1                  POP   BC
0705+  1662 C9                  RET
0706+  1663             ;------------------------------------------------------
0707+  1663             ; convert a byte into a string of ASCII ones and zeroes
0708+  1663             ;------------------------------------------------------
0709+  1663             ;
0710+  1663             ;  description : converts a byte, starting at bit 7,
0711+  1663             ;                into a string of ASCII
0712+  1663             ;                ones and zeroes.
0713+  1663             ;
0714+  1663             ;        entry:  HL = character buffer address
0715+  1663             ;        exit :  HL = points to last character+1, a zero terminator
0716+  1663             ;
0717+  1663             ;
0718+  1663 C5          BITASC  PUSH  BC
0719+  1664 06 08               LD    B,08H          ;look at all 8 bits
0720+  1666 CB 7F       BTASC1  BIT   7,A            ;a 1 or a 0?
0721+  1668 20 05               JR    NZ,BTASC3
0722+  166A 0E 30               LD    C,30H          ;it's a zero
0723+  166C 71          BTASC2  LD    (HL),C
0724+  166D 18 03               JR    BTASC4
0725+  166F 0E 31       BTASC3  LD    C,31H          ;it's a one
0726+  1671 71                  LD    (HL),C
0727+  1672 23          BTASC4  INC   HL
0728+  1673 17                  RLA
0729+  1674 10 F0               DJNZ  BTASC1         ;next bit
0730+  1676 C1                  POP   BC
0731+  1677 C9                  RET
0732+  1678             ;-----------------------------------------
0733+  1678             ; print an-inline, zero terminated string
0734+  1678             ;-----------------------------------------
0735+  1678             ; put the string in the code like the example below
0736+  1678             ; the routine sends the string from the subroutine return address,to the zero terminator,
0737+  1678             ; then jumps to the next instruction address to resume the program. 
0738+  1678             ;
0739+  1678             ;      CALL ILPSZ
0740+  1678             ;      .DB  "STRING TO PRINT",0
0741+  1678             ;      NEXT INSTRUCTION
0742+  1678             ;
0743+  1678 E1          ILPSZ   POP   HL             ;return address is start of string
0744+  1679 7E          ILPSZ1  LD    A,(HL)         ;get character
0745+  167A 23                  INC   HL             ;point to next character
0746+  167B B7                  OR    A
0747+  167C CA 84 16            JP    Z,ILPSZ2       ;return if char = 0
0748+  167F CD 21 08            CALL  TXDATA         ;send it
0749+  1682 18 F5               JR    ILPSZ1         ;and do it again
0750+  1684 E9          ILPSZ2  JP    (HL)           ;return to address after zero terminator
0751+  1685             ;
0752+  1685             ;DISASSEMBLER
0753+  1685             ;
0754+  1685             #include "DIS-Z80.asm"
0001++ 1685             ; ====================
0002++ 1685             ; DIS-Z80 was published in the SUBSET column of Personal Computer World 1987.
0003++ 1685             ; The routine disassembles a single Z80 instruction at address DE. 
0004++ 1685             ; It is required to be followed by a routine called CHROP that outputs a 
0005++ 1685             ; single ASCII character.
0006++ 1685             ; It was originally developed for CP/M on an Amstrad CPC128.
0007++ 1685             
0008++ 1685             ; The original ORG was $0100. I have added $5000 to all addresses.
0009++ 1685             ; The stated aim was to write a Z80 disassembly routine in as short a space
0010++ 1685             ; as possible and, at just over 1K (1090 bytes), it is a rather incredible 
0011++ 1685             ; program. 
0012++ 1685             
0013++ 1685             ; The SUBSET editor David Barrow was able to trim only one byte from John 
0014++ 1685             ; Kerr's compact code. I've forgotten where so there's a challenge.
0015++ 1685             ; ====================
0016++ 1685             
0017++ 1685             ; STRUCTURAL CONCEPTS
0018++ 1685             ; DATA
0019++ 1685             ;
0020++ 1685             ; Disassembled line:
0021++ 1685             ;		field 1: instruction 1st byte location (5 cols).
0022++ 1685             ;		field 2: instruction bytes (12 cols).
0023++ 1685             ;		field 3: mnemonic (5 cols).
0024++ 1685             ;		field 4: operand(s) (13 cols).
0025++ 1685             ;
0026++ 1685             ; Location address	: ASCII hex (4 digits).
0027++ 1685             ; Instruction bytes	: ASCII hex (2 digits sequence).
0028++ 1685             ; Operand data &	: ASCII hex with appended "H" if >9,
0029++ 1685             ;	addresses		:	and preceeding "0" if 1st digit >9.
0030++ 1685             ; Operand offsets	: signed decimal, linked "+" or "-".
0031++ 1685             
0032++ 1685             ; PROGRAM DETAILS
0033++ 1685             ;
0034++ 1685             ; INPUT				DE addresses 1st byte of instruction to disassemble.
0035++ 1685             ; OUTPUT			35 character disassembled line to output device.
0036++ 1685             ; STATE CHANGES		DE updated to address 1st byte of next instruction.
0037++ 1685             ;					AF BC HL changed.
0038++ 1685             ; I/O ERRORS		None.
0039++ 1685             ; OPTIMISATION		Not given.
0040++ 1685             ; INTERRUPT EFFECT	May be interrupted and re-entered.
0041++ 1685             ; LOCATION NEEDS	Not specific. Not relocatable. PROMable.
0042++ 1685             ;					(Listing in this datasheet is assembled at 0100H)
0043++ 1685             ; PROGRAM BYTES		695: code 206 + referenced tables:-
0044++ 1685             ;						GROUP2 (27), GROUP1 (168), GROUP3 (86),
0045++ 1685             ;						MONICS (208).
0046++ 1685             ; STACK BYTES		46 maximum.
0047++ 1685             ; CLOCK CYCLES		Not given.
0048++ 1685             
0049++ 1685             
0050++ 1685 CD AC 1A    DISASM	CALL 	ADRSP		; Output the source pointer.
0051++ 1688             
0052++ 1688 01 00 09           	LD 	BC,$0900		; Create an 18-byte output
0053++ 168B 21 20 20           	LD 	HL,$2020	; buffer in the stack area.
0054++ 168E             FILBUF
0055++ 168E E5                  PUSH    HL			; Buffer initially contains
0056++ 168F 10 FD               DJNZ    FILBUF		; 18 ASCII spaces (20H).
0057++ 1691             
0058++ 1691 60                 	LD 	H,B				; Copy SP into HL, so the
0059++ 1692 69                 	LD 	L,C				; first byte of the output
0060++ 1693 39                 	ADD 	HL,SP		; buffer is addressed by HL.
0061++ 1694             
0062++ 1694 C5                 	PUSH 	BC			; Save original IX and
0063++ 1695 DD E3              	EX 	(SP),IX			; initialize to zero.
0064++ 1697 C5                 	PUSH 	BC			; Initialize temp storage
0065++ 1698 C5                 	PUSH 	BC			; (workspace) to all zeros.
0066++ 1699 DD 39              	ADD 	IX,SP		; Point IX to workspace.
0067++ 169B             
0068++ 169B E5                 	PUSH 	HL			; Save buffer pointer; point
0069++ 169C 21 16 18           	LD 	HL,GROUP3		; to "ED" instruction group.
0070++ 169F             
0071++ 169F CD A1 1A    TRYNDX	CALL 	FETCH		; Fetch a byte of code.
0072++ 16A2             
0073++ 16A2 41                 	LD 	B,C				; First check whether this
0074++ 16A3 FE ED              	CP 	$ED				; is an "ED" instruction.
0075++ 16A5 28 0A              	JR 	Z,CONFLG		; Yes; clear the index flag.
0076++ 16A7             
0077++ 16A7 04                 	INC 	B			; Ready to set flag to "1"
0078++ 16A8 FE DD              	CP 	$DD				; if the byte is 0DDH (an
0079++ 16AA 28 05              	JR 	Z,CONFLG		; instruction using IX).
0080++ 16AC             
0081++ 16AC 04                 	INC 	B			; Ready to set flag to "2"
0082++ 16AD FE FD              	CP 	$FD				; if the byte is 0FDH (an
0083++ 16AF 20 08              	JR 	NZ,NOTNDX		; instruction using IY).
0084++ 16B1             
0085++ 16B1 DD 70 01    CONFLG	LD 	(IX+1),B		; Condition the index flag.
0086++ 16B4 04                 	INC 	B			; Repeat index tests if the
0087++ 16B5 10 E8              	DJNZ 	TRYNDX		; pre-byte was 0DDH or 0FDH.
0088++ 16B7 18 2A              	JR 	NXBYTE			; Otherwise continue.
0089++ 16B9             
0090++ 16B9 4F          NOTNDX	LD 	C,A				; Save byte; check if index
0091++ 16BA DD 7E 01           	LD 	A,(IX+1)		; flag was set (Allows any
0092++ 16BD B7                 	OR 	A				; series of 0DDH and/or OFDH
0093++ 16BE 28 18              	JR 	Z,NODISP		; bytes, as per Zilog spec).
0094++ 16C0             
0095++ 16C0 79                 	LD 	A,C				; If so, check for presence
0096++ 16C1 FE CB              	CP 	$CB				; of any displacement.
0097++ 16C3 28 0D              	JR 	Z,GETDIS		; 0CBH needs a displacement.
0098++ 16C5             
0099++ 16C5 E6 44              	AND 	$44			; A displacement is required
0100++ 16C7 FE 04              	CP 	4				; if opcode has bit 2 set
0101++ 16C9 28 07              	JR 	Z,GETDIS		; and bit 6 reset.
0102++ 16CB             
0103++ 16CB 79                 	LD 	A,C				; A displacemnet is required
0104++ 16CC E6 C0              	AND 	$C0			; if opcode has bit 6 set
0105++ 16CE FE 40              	CP 	$40				; and bit 7 reset.
0106++ 16D0 20 06              	JR 	NZ,NODISP
0107++ 16D2             
0108++ 16D2 CD A1 1A    GETDIS	CALL 	FETCH		; Get displacement if needed
0109++ 16D5 DD 77 02           	LD 	(IX+2),A		; and save it in workspace.
0110++ 16D8             
0111++ 16D8 21 6E 17    NODISP	LD 	HL,GROUP1		; "Main" instruction gorup.
0112++ 16DB 79                 	LD 	A,C				; Recover opcode & check
0113++ 16DC FE CB              	CP 	$CB				; for OCBH ("bit" group).
0114++ 16DE 20 07              	JR 	NZ,NEWMSK		; No; start the search.
0115++ 16E0             
0116++ 16E0 21 53 17           	LD 	HL,GROUP2		; Yes; point to "CB" group.
0117++ 16E3             
0118++ 16E3 CD A1 1A    NXBYTE	CALL 	FETCH		; Fetch the last non-data
0119++ 16E6 4F                 	LD 	C,A				; byte and store it in C.
0120++ 16E7             
0121++ 16E7 7E          NEWMSK	LD 	A,(HL)			; Fetch a mask from table.
0122++ 16E8 B7                 	OR 	A				; Mask value of 0 indicates
0123++ 16E9 28 16              	JR 	Z,TABEND		; end of table; quit search.
0124++ 16EB             
0125++ 16EB A1                 	AND 	C			; Otherwise mask the opcode
0126++ 16EC 23                 	INC 	HL			; and address the mode byte.
0127++ 16ED             
0128++ 16ED 46          NEWMOD	LD 	B,(HL)			; Fetch the mode byte in B.
0129++ 16EE 23                 	INC 	HL			; Point to the match byte.
0130++ 16EF 04                 	INC 	B			; Test if the mode is 0FFH
0131++ 16F0 28 F5              	JR 	Z,NEWMSK		; and if so, get a new mak.
0132++ 16F2             
0133++ 16F2 BE          TRYMAT	CP 	(HL)			; Is the masked opcode
0134++ 16F3 23                 	INC 	HL			; equal to the match byte?
0135++ 16F4 28 07              	JR 	Z,GETNDX		; Stop searching if it is.
0136++ 16F6             
0137++ 16F6 CB 7E              	BIT 	7,(HL)		; index byte bit 7 is set if
0138++ 16F8 23                 	INC 	HL			; address mode changes.
0139++ 16F9 28 F7              	JR 	Z,TRYMAT		; No change; try next match.
0140++ 16FB             
0141++ 16FB 18 F0              	JR 	NEWMOD			; Change; get a new mode.
0142++ 16FD             
0143++ 16FD 7E          GETNDX	LD 	A,(HL)			; Matched: fetch mnemonic
0144++ 16FE E6 7F              	AND 	$7F			; index, mask bit 7, and
0145++ 1700 05                 	DEC 	B			; restore the mode byte.
0146++ 1701             
0147++ 1701 E1          TABEND	POP 	HL			; Save the source pointer
0148++ 1702 D5                 	PUSH 	DE			; below the output buffer
0149++ 1703 E5                 	PUSH 	HL			; pointer on stack.
0150++ 1704             
0151++ 1704 EB                 	EX 	DE,HL			; Point HL to start of the
0152++ 1705 21 6C 18           	LD 	HL,MONICS		; mnemonics table.
0153++ 1708 CD 8C 1A           	CALL 	XTRACT		; Copy mnemonic to buffer.
0154++ 170B             
0155++ 170B E1                 	POP 	HL			; Restore output pointer
0156++ 170C 11 05 00           	LD 	DE,5			; and adjust to align
0157++ 170F 19                 	ADD 	HL,DE		; any operands present.
0158++ 1710 D1                 	POP 	DE			; Restore source pointer.
0159++ 1711             
0160++ 1711 78                 	LD 	A,B				; Test high-order B to see
0161++ 1712 E6 F0              	AND 	$F0			; if any "first" operand
0162++ 1714 28 13              	JR 	Z,SECOND		; is present.
0163++ 1716             
0164++ 1716 1F                 	RRA					; Yes; move the operand
0165++ 1717 1F                 	RRA					; index into the lower
0166++ 1718 1F                 	RRA					; half of A.
0167++ 1719 1F                 	RRA					; Then save
0168++ 171A C5                 	PUSH 	BC			; operand and opcode.
0169++ 171B             
0170++ 171B 47                 	LD 	B,A				; Operand index in B.
0171++ 171C 79                 	LD 	A,C				; Restore opcode to A.
0172++ 171D CD 3C 19           	CALL 	OPRND1		; Process the operand.
0173++ 1720             
0174++ 1720 C1                 	POP 	BC			; Restore the operand byte
0175++ 1721 78                 	LD 	A,B				; and opcode; test
0176++ 1722 E6 0F              	AND 	$0F			; low-order B for any
0177++ 1724 28 0B              	JR 	Z,OPDONE		; "second" operand.
0178++ 1726             
0179++ 1726 36 2C              	LD 	(HL),44  		; Opearnd index in B.
0180++ 1728 23                 	INC 	HL			; Restore opcode to A.
0181++ 1729             
0182++ 1729 78          SECOND	LD 	A,B				; Check for the presence
0183++ 172A E6 0F              	AND 	$0F			; of a "second" operand.
0184++ 172C             
0185++ 172C 47                 	LD 	B,A				; Operand index in B.
0186++ 172D 79                 	LD 	A,C				; Restore opcode to A.
0187++ 172E C4 42 19           	CALL 	NZ,OPRND2	; Process any operand.
0188++ 1731             
0189++ 1731 3E 03       OPDONE	LD 	A,3				; Check how many bytes
0190++ 1733 DD 96 00           	SUB 	(IX+0)		; have been fetched.
0191++ 1736             
0192++ 1736 E1                 	POP 	HL			; Discard workspace.
0193++ 1737 E1                 	POP 	HL
0194++ 1738 DD E1              	POP 	IX			; Restore index register.
0195++ 173A             
0196++ 173A 38 0C              	JR 	C,OUTEXT		; 4 or more bytes fetched.
0197++ 173C             
0198++ 173C 3C                 	INC 	A			; Less than four bytes
0199++ 173D 47                 	LD 	B,A				; fetched; so output
0200++ 173E 80                 	ADD 	A,B			; enough spaces to
0201++ 173F 80                 	ADD 	A,B			; align the mnemonics.
0202++ 1740 47                 	LD 	B,A
0203++ 1741             
0204++ 1741 3E 20       SPACES	LD 	A,$20			; Output spaces
0205++ 1743 CD C8 1A           	CALL 	CHROP		; to start of
0206++ 1746 10 F9              	DJNZ 	SPACES		; mnemonic field.
0207++ 1748                    	
0208++ 1748 06 12       OUTEXT	LD 	B,18			; Set buffer byte count.
0209++ 174A             
0210++ 174A 3B          PUTOUT	DEC 	SP			; Copy stored text, byte
0211++ 174B E1                 	POP 	HL			; at a time, from output
0212++ 174C 7C                 	LD 	A,H				; buffer on stack to
0213++ 174D CD C8 1A           	CALL 	CHROP		; the output channel.
0214++ 1750 10 F8              	DJNZ 	PUTOUT
0215++ 1752             
0216++ 1752 C9                 	RET					; Instruction disassembled.
0217++ 1753             
0218++ 1753             ;***********************
0219++ 1753             
0220++ 1753 C0 36 40    GROUP2	.DB 	$C0,$36,$40
0221++ 1756 04 80 2D C0 	.DB 	$04,$80,$2D,$C0,$BE
0221++ 175A BE 
0222++ 175B FF F8 06 00 	.DB 	$FF,$F8,$06,$00,$33
0222++ 175F 33 
0223++ 1760 08 38 10 35 	.DB 	$08,$38,$10,$35,$18
0223++ 1764 18 
0224++ 1765 3A 20 3F 28 	.DB 	$3A,$20,$3F,$28,$40
0224++ 1769 40 
0225++ 176A 30 00 38 C1 	.DB 	$30,$00,$38,$C1
0226++ 176E             
0227++ 176E             
0228++ 176E FF 00 00    GROUP1	.DB 	$FF,$00,$00
0229++ 1771 24 07 32 0F 	.DB 	$24,$07,$32,$0F,$37
0229++ 1775 37 
0230++ 1776 17 31 1F 36 	.DB 	$17,$31,$1F,$36,$27
0230++ 177A 27 
0231++ 177B 0D 2F 0B 37 	.DB 	$0D,$2F,$0B,$37,$3D
0231++ 177F 3D 
0232++ 1780 3F 06 76 14 	.DB 	$3F,$06,$76,$14,$C9
0232++ 1784 C9 
0233++ 1785 30 D9 12 F3 	.DB 	$30,$D9,$12,$F3,$0F
0233++ 1789 0F 
0234++ 178A FB 91 72 C6 	.DB 	$FB,$91,$72,$C6,$02
0234++ 178E 02 
0235++ 178F CE 01 DE BC 	.DB 	$CE,$01,$DE,$BC,$02
0235++ 1793 02 
0236++ 1794 D6 42 E6 03 	.DB 	$D6,$42,$E6,$03,$EE
0236++ 1798 EE 
0237++ 1799 43 F6 25 FE 	.DB 	$43,$F6,$25,$FE,$8C
0237++ 179D 8C 
0238++ 179E 04 08 93 01 	.DB 	$04,$08,$93,$01,$10
0238++ 17A2 10 
0239++ 17A3 10 18 9D AF 	.DB 	$10,$18,$9D,$AF,$22
0239++ 17A7 22 
0240++ 17A8 A2 FA 2A A2 	.DB 	$A2,$FA,$2A,$A2,$A7
0240++ 17AC A7 
0241++ 17AD 32 A2 7A 3A 	.DB 	$32,$A2,$7A,$3A,$A2
0241++ 17B1 A2 
0242++ 17B2 03 C3 1C CD 	.DB 	$03,$C3,$1C,$CD,$85
0242++ 17B6 85 
0243++ 17B7 97 D3 AA 79 	.DB 	$97,$D3,$AA,$79,$DB
0243++ 17BB DB 
0244++ 17BC 9B 5F E3 93 	.DB 	$9B,$5F,$E3,$93,$0E
0244++ 17C0 0E 
0245++ 17C1 E9 9C 05 EB 	.DB 	$E9,$9C,$05,$EB,$93
0245++ 17C5 93 
0246++ 17C6 DF F9 A2 FF 	.DB 	$DF,$F9,$A2,$FF,$C0
0246++ 17CA C0 
0247++ 17CB B6 40 A2 FF 	.DB 	$B6,$40,$A2,$FF,$F8
0247++ 17CF F8 
0248++ 17D0 76 80 02 88 	.DB 	$76,$80,$02,$88,$01
0248++ 17D4 01 
0249++ 17D5 98 BC 06 90 	.DB 	$98,$BC,$06,$90,$42
0249++ 17D9 42 
0250++ 17DA A0 03 A8 43 	.DB 	$A0,$03,$A8,$43,$B0
0250++ 17DE B0 
0251++ 17DF 25 B8 8C FF 	.DB 	$25,$B8,$8C,$FF,$C7
0251++ 17E3 C7 
0252++ 17E4 0B 04 16 05 	.DB 	$0B,$04,$16,$05,$8E
0252++ 17E8 8E 
0253++ 17E9 B2 06 A2 20 	.DB 	$B2,$06,$A2,$20,$C0
0253++ 17ED C0 
0254++ 17EE B0 23 C2 1C 	.DB 	$B0,$23,$C2,$1C,$C4
0254++ 17F2 C4 
0255++ 17F3 85 10 C7 BB 	.DB 	$85,$10,$C7,$BB,$FF
0255++ 17F7 FF 
0256++ 17F8 CF D3 01 A2 	.DB 	$CF,$D3,$01,$A2,$0D
0256++ 17FC 0D 
0257++ 17FD 03 16 0B 8E 	.DB 	$03,$16,$0B,$8E,$FD
0257++ 1801 FD 
0258++ 1802 09 82 60 C1 	.DB 	$09,$82,$60,$C1,$2B
0258++ 1806 2B 
0259++ 1807 C5 AC FF E7 	.DB 	$C5,$AC,$FF,$E7,$21
0259++ 180B 21 
0260++ 180C 20 9D FF EF 	.DB 	$20,$9D,$FF,$EF,$E7
0260++ 1810 E7 
0261++ 1811 02 A2 7E 0A 	.DB 	$02,$A2,$7E,$0A,$A2
0261++ 1815 A2 
0262++ 1816             
0263++ 1816             
0264++ 1816 FF 00 44    GROUP3	.DB 	$FF,$00,$44
0265++ 1819 23 45 2F 4D 	.DB 	$23,$45,$2F,$4D,$2E
0265++ 181D 2E 
0266++ 181E 4E 00 67 39 	.DB 	$4E,$00,$67,$39,$6F
0266++ 1822 6F 
0267++ 1823 34 70 00 71 	.DB 	$34,$70,$00,$71,$00
0267++ 1827 00 
0268++ 1828 A0 21 A1 0A 	.DB 	$A0,$21,$A1,$0A,$A2
0268++ 182C A2 
0269++ 182D 1A A3 29 A8 	.DB 	$1A,$A3,$29,$A8,$1F
0269++ 1831 1F 
0270++ 1832 A9 08 AA 18 	.DB 	$A9,$08,$AA,$18,$AB
0270++ 1836 AB 
0271++ 1837 28 B0 20 B1 	.DB 	$28,$B0,$20,$B1,$09
0271++ 183B 09 
0272++ 183C B2 19 B3 27 	.DB 	$B2,$19,$B3,$27,$B8
0272++ 1840 B8 
0273++ 1841 1E B9 07 BA 	.DB 	$1E,$B9,$07,$BA,$17
0273++ 1845 17 
0274++ 1846 BB A6 FF C7 	.DB 	$BB,$A6,$FF,$C7,$B8
0274++ 184A B8 
0275++ 184B 40 9B 8B 41 	.DB 	$40,$9B,$8B,$41,$AA
0275++ 184F AA 
0276++ 1850 FF CF FD 42 	.DB 	$FF,$CF,$FD,$42,$3C
0276++ 1854 3C 
0277++ 1855 4A 81 AD 43 	.DB 	$4A,$81,$AD,$43,$A2
0277++ 1859 A2 
0278++ 185A DA 4B A2 FF 	.DB 	$DA,$4B,$A2,$FF,$E7
0278++ 185E E7 
0279++ 185F 40 46 95 FF 	.DB 	$40,$46,$95,$FF,$F7
0279++ 1863 F7 
0280++ 1864 C7 47 A2 7C 	.DB 	$C7,$47,$A2,$7C,$57
0280++ 1868 57 
0281++ 1869 A2 FF 00    	.DB 	$A2,$FF,$00
0282++ 186C             
0283++ 186C             ;_______________
0284++ 186C             
0285++ 186C BF          MONICS	.DB 	$BF
0286++ 186D 41 44 C3    	.DB 	'A','D','C'+$80   	; ADC 
0287++ 1870 41 44 C4    	.DB 	'A','D','D'+$80   	; ADD 
0288++ 1873 41 4E C4    	.DB 	'A','N','D'+$80   	; AND 
0289++ 1876 42 49 D4    	.DB 	'B','I','T'+$80   	; BIT 
0290++ 1879 43 41 4C CC 	.DB 	'C','A','L','L'+$80	; CALL 
0291++ 187D 43 43 C6    	.DB 	'C','C','F'+$80   	; CCF
0292++ 1880 43 50 44 D2 	.DB 	'C','P','D','R'+$80	; CPDR
0293++ 1884 43 50 C4    	.DB 	'C','P','D'+$80   	; CPD
0294++ 1887 43 50 49 D2 	.DB 	'C','P','I','R'+$80	; CPIR
0295++ 188B 43 50 C9    	.DB 	'C','P','I'+$80   	; CPI
0296++ 188E 43 50 CC    	.DB 	'C','P','L'+$80   	; CPL
0297++ 1891 43 D0       	.DB 	'C','P'+$80      	; CP 
0298++ 1893 44 41 C1    	.DB 	'D','A','A'+$80   	; DAA
0299++ 1896 44 45 C3    	.DB 	'D','E','C'+$80   	; DEC 
0300++ 1899 44 C9       	.DB 	'D','I'+$80      	; DI
0301++ 189B 44 4A 4E DA 	.DB 	'D','J','N','Z'+$80	; DJNZ 
0302++ 189F 45 C9       	.DB 	'E','I'+$80      	; EI
0303++ 18A1 45 58 D8    	.DB 	'E','X','X'+$80   	; EXX
0304++ 18A4 45 D8       	.DB 	'E','X'+$80      	; EX 
0305++ 18A6 48 41 4C D4 	.DB 	'H','A','L','T'+$80	; HALT
0306++ 18AA 49 CD       	.DB 	'I','M'+$80      	; IM 
0307++ 18AC 49 4E C3    	.DB 	'I','N','C'+$80   	; INC 
0308++ 18AF 49 4E 44 D2 	.DB 	'I','N','D','R'+$80	; INDR
0309++ 18B3 49 4E C4    	.DB 	'I','N','D'+$80   	; IND
0310++ 18B6 49 4E 49 D2 	.DB 	'I','N','I','R'+$80	; INIR
0311++ 18BA 49 4E C9    	.DB 	'I','N','I'+$80   	; INI
0312++ 18BD 49 CE       	.DB 	'I','N'+$80      	; IN 
0313++ 18BF 4A D0       	.DB 	'J','P'+$80      	; JP 
0314++ 18C1 4A D2       	.DB 	'J','R'+$80      	; JR 
0315++ 18C3 4C 44 44 D2 	.DB 	'L','D','D','R'+$80	; LDDR
0316++ 18C7 4C 44 C4    	.DB 	'L','D','D'+$80   	; LDD
0317++ 18CA 4C 44 49 D2 	.DB 	'L','D','I','R'+$80	; LDIR
0318++ 18CE 4C 44 C9    	.DB 	'L','D','I'+$80   	; LDI
0319++ 18D1 4C C4       	.DB 	'L','D'+$80      	; LD 
0320++ 18D3 4E 45 C7    	.DB 	'N','E','G'+$80   	; NEG
0321++ 18D6 4E 4F D0    	.DB 	'N','O','P'+$80   	; NOP
0322++ 18D9 4F D2       	.DB 	'O','R'+$80      	; OR 
0323++ 18DB 4F 54 44 D2 	.DB 	'O','T','D','R'+$80	; OTDR
0324++ 18DF 4F 54 49 D2 	.DB 	'O','T','I','R'+$80	; OTIR
0325++ 18E3 4F 55 54 C4 	.DB 	'O','U','T','D'+$80	; OUTD
0326++ 18E7 4F 55 54 C9 	.DB 	'O','U','T','I'+$80	; OUTI
0327++ 18EB 4F 55 D4    	.DB 	'O','U','T'+$80   	; OUT 
0328++ 18EE 50 4F D0    	.DB 	'P','O','P'+$80   	; POP 
0329++ 18F1 50 55 53 C8 	.DB 	'P','U','S','H'+$80	; PUSH 
0330++ 18F5 52 45 D3    	.DB 	'R','E','S'+$80   	; RES 
0331++ 18F8 52 45 54 C9 	.DB 	'R','E','T','I'+$80	; RETI
0332++ 18FC 52 45 54 CE 	.DB 	'R','E','T','N'+$80	; RETN
0333++ 1900 52 45 D4    	.DB 	'R','E','T'+$80   	; RET
0334++ 1903 52 4C C1    	.DB 	'R','L','A'+$80   	; RLA
0335++ 1906 52 4C 43 C1 	.DB 	'R','L','C','A'+$80	; RLCA
0336++ 190A 52 4C C3    	.DB 	'R','L','C'+$80   	; RLC 
0337++ 190D 52 4C C4    	.DB 	'R','L','D'+$80   	; RLD
0338++ 1910 52 CC       	.DB 	'R','L'+$80      	; RL 
0339++ 1912 52 52 C1    	.DB 	'R','R','A'+$80   	; RRA
0340++ 1915 52 52 43 C1 	.DB 	'R','R','C','A'+$80	; RA
0341++ 1919 52 52 C3    	.DB 	'R','R','C'+$80   	; RRC 
0342++ 191C 52 52 C4    	.DB 	'R','R','D'+$80   	; RRD
0343++ 191F 52 D2       	.DB 	'R','R'+$80      	; RR 
0344++ 1921 52 53 D4    	.DB 	'R','S','T'+$80   	; RST 
0345++ 1924 53 42 C3    	.DB 	'S','B','C'+$80   	; SBC 
0346++ 1927 53 43 C6    	.DB 	'S','C','F'+$80   	; SCF
0347++ 192A 53 45 D4    	.DB 	'S','E','T'+$80   	; SET 
0348++ 192D 53 4C C1    	.DB 	'S','L','A'+$80   	; SLA 
0349++ 1930 53 52 C1    	.DB 	'S','R','A'+$80   	; SRA 
0350++ 1933 53 52 CC    	.DB 	'S','R','L'+$80   	; SRL 
0351++ 1936 53 55 C2    	.DB 	'S','U','B'+$80   	; SUB 
0352++ 1939 58 4F D2    	.DB 	'X','O','R'+$80   	; XOR 
0353++ 193C             
0354++ 193C             
0355++ 193C             ; OPRNDZ		Operand Disassembler. To disassembler and output a valid
0356++ 193C             ;				Z80 machine code operand.
0357++ 193C             ; OPRND1		Entry point for certain modes (see DATA)
0358++ 193C             ; OPRND2		Entry point for certain modes (see DATA)
0359++ 193C             
0360++ 193C             ; STRUCTURAL CONCEPTS
0361++ 193C             ; DATA
0362++ 193C             ;
0363++ 193C             ;		Operand:	Standard Z80 assembler format.
0364++ 193C             ;					The operand mode is determined by an input
0365++ 193C             ;					index (1 - 15) and by point of entry:-
0366++ 193C             ;
0367++ 193C             ;		Index		OPRND1				OPRND2
0368++ 193C             ;		------------------------------------------------------
0369++ 193C             ;		1			RST address			Relative address
0370++ 193C             ;		2			Condition			Immediate byte
0371++ 193C             ;		3			Bit number			Immediate word
0372++ 193C             ;		4			Interrupt mode		AF,AF'
0373++ 193C             ;		5			(SP)				DE,HL
0374++ 193C             ;		6			Register pair		8-bit source
0375++ 193C             ;		------------------------------------------------------
0376++ 193C             ;		7					A
0377++ 193C             ;		8					(C)
0378++ 193C             ;		9					(port number)
0379++ 193C             ;		A					(Absolute address)
0380++ 193C             ;		B					8-bit destination
0381++ 193C             ;		C					I or R
0382++ 193C             ;		D					16-bit register
0383++ 193C             ;		E					Address in 16-bit register
0384++ 193C             ;		F					Index register
0385++ 193C             ;
0386++ 193C             ; PROGRAM DETAILS
0387++ 193C             ; INPUT
0388++ 193C             ;					A = opcode.
0389++ 193C             ;					B = operand index.
0390++ 193C             ;					DE addresses next instruction byte.
0391++ 193C             ;					HL addresses next free byte in output buffer.
0392++ 193C             ;					(IX+0) = no. of instruction bytes fetched.
0393++ 193C             ;					(IX+1) = index register flag (1=IX, 2=IY, else 0).
0394++ 193C             ;					(IX+2) = displacement for any indexed instruction.
0395++ 193C             ;
0396++ 193C             ; OUTPUT			Operand is in output buffer.
0397++ 193C             ;					DE and HL are updated.
0398++ 193C             ; STATE CHANGES		AF BC are changed.
0399++ 193C             ;					IX IY (IX+0,1,2) are unchanged.
0400++ 193C             ;*****************
0401++ 193C             
0402++ 193C 10 12       OPRND1	DJNZ 	CONDIT		; First entry point; is mode
0403++ 193E E6 38       RSTADR	AND 	$38			; a restart address? If so,
0404++ 1940 18 2A              	JR 	DA				; isolate opcode bits 5-3.
0405++ 1942             
0406++ 1942 10 1D       OPRND2	DJNZ 	DAT8		; 2nd entry point; is mode
0407++ 1944 CD A1 1A    RELADR	CALL 	FETCH		; PC relative? If so, fetch
0408++ 1947 4F                 	LD 	C,A				; displacement & extend
0409++ 1948 17                 	RLA					; sign; put full 16-bit
0410++ 1949 9F                 	SBC 	A,A			; signed displacemnet into
0411++ 194A 47                 	LD 	B,A				; BC.
0412++ 194B EB                 	EX 	DE,HL			; Move source pointer to HL,
0413++ 194C E5                 	PUSH 	HL			; save it on stack, compute
0414++ 194D 09                 	ADD 	HL,BC		; destination address & send
0415++ 194E 18 2D              	JR 	DHL				; to the output buffer.
0416++ 1950             
0417++ 1950 1F          CONDIT	RRA					; Opcode bits 2-0 are not
0418++ 1951 1F                 	RRA					; needed for any of the
0419++ 1952 1F                 	RRA					; following modes (OPRND1).
0420++ 1953 10 13              	DJNZ 	BITNUM		; Is operand a condition?
0421++ 1955 CB 67              	BIT 	4,A			; If so, check whether the
0422++ 1957 20 02              	JR 	NZ,ABS			; address mode is relative
0423++ 1959 E6 03              	AND 	3			; or absolute. If relative,
0424++ 195B E6 07       ABS   	AND 	7			; adjust condition index.
0425++ 195D C6 14              	ADD 	A,$14		; Index condition in table.
0426++ 195F 18 36              	JR 	PS1				; Copy it to the output buffer.
0427++ 1961             
0428++ 1961 10 0D       DAT8  	DJNZ 	DAT16		; Is operand immediate byte?
0429++ 1963             
0430++ 1963 CD A1 1A    D8    	CALL 	FETCH		; Fetch a byte.
0431++ 1966 18 04              	JR 	DA				; Send to output buffer.
0432++ 1968             
0433++ 1968 10 27       BITNUM	DJNZ 	INTMOD		; Is operand a bit number?
0434++ 196A E6 07              	AND 	7			; Yes; isolate the index.
0435++ 196C             
0436++ 196C 4F          DA    	LD 	C,A				; Move 8-bit data for output
0437++ 196D 97                 	SUB 	A			; from A into AC (so A=0)
0438++ 196E 18 09              	JR 	DAC				; and send to output buffer.
0439++ 1970             
0440++ 1970 10 38       DAT16 	DJNZ 	EXAF		; Is operand an address?
0441++ 1972 CD A1 1A    D16   	CALL 	FETCH	; Fetch low-order byte.
0442++ 1975 4F                 	LD 	C,A				; Save it in C.
0443++ 1976 CD A1 1A           	CALL 	FETCH		; Fetch high order byte.
0444++ 1979             
0445++ 1979 EB          DAC   	EX 	DE,HL			; Exchange source & output
0446++ 197A E5                 	PUSH 	HL			; pointers. Save the source
0447++ 197B 67                 	LD 	H,A				; pointer & copy output data
0448++ 197C 69                 	LD 	L,C				; from AC into HL.
0449++ 197D             
0450++ 197D 0E F8       DHL   	LD 	C,$F8			; Specify hex conversion.
0451++ 197F E5                 	PUSH 	HL			; Save output for checking.
0452++ 1980 CD 6C 1A           	CALL 	CONVHL		; Perform ASCII conversion.
0453++ 1983 E1                 	POP 	HL			; retrieve output value.
0454++ 1984             
0455++ 1984 01 0A 00           	LD 	BC,$000A		; Check whether the value
0456++ 1987 B7                 	OR 	A				; output was greater than 9.
0457++ 1988 ED 42              	SBC 	HL,BC		; Result of test in Cy.
0458++ 198A                    	
0459++ 198A E1          		POP 	HL			; Restore source & output
0460++ 198B EB                 	EX 	DE,HL			; pointers to their originall
0461++ 198C D8                 	RET 	C			; registers. Exit if output
0462++ 198D 36 48              	LD 	(HL),'H'		; value was 9 or less; else
0463++ 198F 23                 	INC 	HL			; put "H" (denoting hex)
0464++ 1990 C9                 	RET					; after the output & exit.
0465++ 1991             
0466++ 1991 10 06       INTMOD	DJNZ 	STKTOP		; Is operand interrupt mode?
0467++ 1993 E6 03              	AND 	3			; Index the list of
0468++ 1995 C6 1C              	ADD 	A,$1C		; interrupt modes (0,1,2)
0469++ 1997 18 52       PS1   	JR 	PS3				; Copy to output buffer.
0470++ 1999             
0471++ 1999 0E 13       STKTOP	LD 	C,$13			; The constant operand (SP)
0472++ 199B 05                 	DEC 	B			; is entry number 19 in the
0473++ 199C 28 4C              	JR 	Z,PS2			; RGSTRS table.
0474++ 199E             
0475++ 199E 10 42       REG16P	DJNZ 	COMMON		; Is the operand register pair?
0476++ 19A0 1F                 	RRA					; Isolate the two bits of the
0477++ 19A1 E6 03              	AND 	3			; opcode which determine the
0478++ 19A3 FE 03              	CP 	3				; pair. Is it AF?
0479++ 19A5 20 68              	JR 	NZ,RX			; No; go to double register.
0480++ 19A7 3D                 	DEC 	A			; Yes, adjust pointer.
0481++ 19A8 18 69              	JR 	RNX				; Copy out register name.
0482++ 19AA             
0483++ 19AA 0E 0A       EXAF  	LD 	C,$0A			; The constant operand
0484++ 19AC 05                 	DEC 	B			; AF,AF' is entry number 10
0485++ 19AD 28 3B              	JR 	Z,PS2			; in the RGSTRS table.
0486++ 19AF             
0487++ 19AF 0C          EXDE  	INC 	C			; The constant operand DE,HL
0488++ 19B0 05                 	DEC 	B			; is entry number 11 in the 
0489++ 19B1 28 37              	JR 	Z,PS2			; RGSTRS table.
0490++ 19B3             
0491++ 19B3 10 2A       REG8S 	DJNZ 	ACCUM		; Is operand 8-bit source?
0492++ 19B5             
0493++ 19B5 E6 07       R8    	AND 	7			; Get register number.
0494++ 19B7 FE 06              	CP 	6				; Is it a memory location?
0495++ 19B9 20 30              	JR 	NZ,PS3			; No; so it's B/C/D/E/H/L/A.
0496++ 19BB 36 28              	LD 	(HL),'('		; Yes; put the left parenthesis
0497++ 19BD 23                 	INC 	HL			; into the output buffer.
0498++ 19BE CD 23 1A           	CALL 	REGX		; Copy register HL/IX/IY.
0499++ 19C1 DD 7E 02           	LD 	A,(IX+2)		; Retrieve offset; check if
0500++ 19C4 B7                 	OR 	A				; it is zero. If so, don't
0501++ 19C5 28 58              	JR 	Z,RP			; bother to print it.
0502++ 19C7 36 2B              	LD 	(HL),43 		; Otherwise, put a "+" sign
0503++ 19C9 07                 	RLCA				; into the output buffer, but
0504++ 19CA 0F                 	RRCA				; now test the offset sign.
0505++ 19CB 30 04              	JR 	NC,POS			; If negative, change  the
0506++ 19CD 36 2D              	LD 	(HL),45			; sign to "-" and negate
0507++ 19CF ED 44              	NEG					; the offset.
0508++ 19D1             
0509++ 19D1 23          POS   	INC 	HL			; Update the output pointer.
0510++ 19D2 EB                 	EX 	DE,HL			; Exchange pointers, saving
0511++ 19D3 E5                 	PUSH 	HL			; source pointer on stack.
0512++ 19D4 60                 	LD 	H,B				; Put the absolute value
0513++ 19D5 6F                 	LD 	L,A				; of the offset into HL.
0514++ 19D6 0E FB              	LD 	C,$FB			; Specify decimal and
0515++ 19D8 CD 6C 1A           	CALL 	CONVHL		; perform ASCII convesion.
0516++ 19DB E1                 	POP 	HL			; Restore pointers to their
0517++ 19DC EB                 	EX 	DE,HL			; original registers.
0518++ 19DD 18 40              	JR 	RP				; Go put right parenthesis.
0519++ 19DF             
0520++ 19DF 1F          ACCUM 	RRA					; Opcode bits 2-0 can now
0521++ 19E0 1F                 	RRA					; be discarded by OPRND2.
0522++ 19E1 1F                 	RRA
0523++ 19E2             
0524++ 19E2 0E 07       COMMON	LD 	C,7				; OPRND1 and OPRND2 merge.
0525++ 19E4 05                 	DEC 	B			; Accumulator addressing;
0526++ 19E5 28 03              	JR 	Z,PS2			; put "A" to output buffer.
0527++ 19E7             
0528++ 19E7 0D          PORTC 	DEC 	C			; Constant operand "(C)" is
0529++ 19E8 10 03              	DJNZ 	IDAT8		; entry number 6 in RGSTRS.
0530++ 19EA 79          PS2   	LD 	A,C				; Copy string number into A.
0531++ 19EB 18 3B       PS3   	JR 	PS4				; Go copy out the string.
0532++ 19ED             
0533++ 19ED 10 08       IDAT8 	DJNZ 	IDAT16		; Is operand a constant port
0534++ 19EF 36 28              	LD 	(HL),'('		; number? If so, that's just
0535++ 19F1 23                 	INC 	HL			; like an immediate byte but
0536++ 19F2 CD 63 19           	CALL 	D8			; inside brackets.
0537++ 19F5 18 28              	JR 	RP				; Close the brackets.
0538++ 19F7             
0539++ 19F7 10 08       IDAT16	DJNZ 	REG8		; Is operand an address for
0540++ 19F9 36 28              	LD 	(HL),'('		; data? That's just like a
0541++ 19FB 23                 	INC 	HL			; CALL or JP address but
0542++ 19FC CD 72 19           	CALL 	D16			; inside brackets.
0543++ 19FF 18 1E              	JR 	RP				; Close the brackets.
0544++ 1A01             
0545++ 1A01 05          REG8  	DEC 	B			; Use 8-bit source routine
0546++ 1A02 28 B1              	JR 	Z,R8			; for an 8-bit destination.
0547++ 1A04             
0548++ 1A04 10 04       IPAREF 	DJNZ 	REG16	; Is operand I or R?
0549++ 1A06 E6 09              	AND 	9			; Yes, then copy the correct
0550++ 1A08 18 1E              	JR 	PS4				; string from RGSTRS.
0551++ 1A0A             
0552++ 1A0A 1F          REG16 	RRA					; Is operand a
0553++ 1A0B 10 0A              	DJNZ 	IREG16		; 16-bit register?
0554++ 1A0D             
0555++ 1A0D E6 03       R16   	AND 	3			; Check for index register.
0556++ 1A0F             
0557++ 1A0F FE 02       RX    	CP  	2			; If it's an index register,
0558++ 1A11 28 10              	JR 	Z,REGX			; go use separate routine.
0559++ 1A13             
0560++ 1A13 C6 0C       RNX   	ADD 	A,$0C		; Not an index register;
0561++ 1A15 18 11              	JR 	PS4				; point ot BC/DE/AF/SP.
0562++ 1A17             
0563++ 1A17 10 0A       IREG16	DJNZ 	REGX		; Is the operand an address
0564++ 1A19 36 28              	LD 	(HL),'('		; contained in a register?
0565++ 1A1B 23                 	INC 	HL			; Then just put brackets
0566++ 1A1C CD 0D 1A           	CALL 	R16			; round the result from R16.
0567++ 1A1F             
0568++ 1A1F 36 29       RP    	LD 	(HL),')'		; Put right parenthesis in 
0569++ 1A21 23                 	INC 	HL			; output buffer, update
0570++ 1A22 C9                 	RET					; pointer, then exit.
0571++ 1A23             
0572++ 1A23 DD 7E 01    REGX  	LD 	A,(IX+1)		; Use the index flag to
0573++ 1A26 C6 10              	ADD 	A,$10		; select an index register.
0574++ 1A28             
0575++ 1A28 EB          PS4   	EX 	DE,HL			; Copy a string from RGSTRS.
0576++ 1A29 E5                 	PUSH 	HL			; Exchange pointers; save
0577++ 1A2A 21 33 1A           	LD 	HL,RGSTRS		; source pointer; point HL
0578++ 1A2D CD 8C 1A           	CALL 	XTRACT		; to start of table and
0579++ 1A30 E1                 	POP 	HL			; copy out the string. Then
0580++ 1A31 EB                 	EX 	DE,HL			; restore pointers to their
0581++ 1A32 C9                 	RET					; original registers, exit.
0582++ 1A33             
0583++ 1A33             ;*************
0584++ 1A33             
0585++ 1A33 C2          RGSTRS	.DB 	'B'				+$80
0586++ 1A34 C3          	.DB 	'C'       			+$80
0587++ 1A35 C4          	.DB 	'D'       			+$80
0588++ 1A36 C5          	.DB 	'E'       			+$80
0589++ 1A37 C8          	.DB 	'H'       			+$80
0590++ 1A38 CC          	.DB 	'L'       			+$80
0591++ 1A39 28 43 A9    	.DB 	'(','C',')' 			+$80
0592++ 1A3C C1          	.DB 	'A'       			+$80
0593++ 1A3D C9          	.DB 	'I'       			+$80
0594++ 1A3E D2          	.DB 	'R'       			+$80
0595++ 1A3F 41 46 2C 41 	.DB 	'A','F',',','A','F',$2F		+$80
0595++ 1A43 46 AF 
0596++ 1A45 44 45 2C 48 	.DB 	'D','E',',','H','L'    		+$80
0596++ 1A49 CC 
0597++ 1A4A 42 C3       	.DB 	'B','C'             		+$80
0598++ 1A4C 44 C5       	.DB 	'D','E'             		+$80
0599++ 1A4E 41 C6       	.DB 	'A','F'             		+$80
0600++ 1A50 53 D0       	.DB 	'S','P'             		+$80
0601++ 1A52 48 CC       	.DB 	'H','L'             		+$80
0602++ 1A54 49 D8       	.DB 	'I','X'             		+$80
0603++ 1A56 49 D9       	.DB 	'I','Y'             		+$80
0604++ 1A58 28 53 50 A9 	.DB 	'(','S','P',')'       		+$80
0605++ 1A5C 4E DA       	.DB 	'N','Z'             		+$80
0606++ 1A5E DA          	.DB 	'Z'                		+$80
0607++ 1A5F 4E C3       	.DB 	'N','C'             		+$80
0608++ 1A61 C3          	.DB 	'C'                		+$80
0609++ 1A62 50 CF       	.DB 	'P','O'             		+$80
0610++ 1A64 50 C5       	.DB 	'P','E'             		+$80
0611++ 1A66 D0          	.DB 	'P'                		+$80
0612++ 1A67 CD          	.DB 	'M'                		+$80
0613++ 1A68 B0          	.DB 	'0'    				+$80
0614++ 1A69 BF          	.DB 	'?'    				+$80
0615++ 1A6A B1          	.DB 	'1'    				+$80
0616++ 1A6B B2          	.DB 	'2'    				+$80
0617++ 1A6C             
0618++ 1A6C             ;********************
0619++ 1A6C             
0620++ 1A6C 97          CONVHL	SUB 	A
0621++ 1A6D             
0622++ 1A6D F5          CVHL1 	PUSH 	AF
0623++ 1A6E 97                 	SUB 	A
0624++ 1A6F 06 10              	LD 	B,16
0625++ 1A71             
0626++ 1A71 81          CVHL2 	ADD 	A,C
0627++ 1A72 38 01              	JR 	C,CVHL3
0628++ 1A74 91                 	SUB 	C
0629++ 1A75             
0630++ 1A75 ED 6A       CVHL3 	ADC 	HL,HL
0631++ 1A77 17                 	RLA
0632++ 1A78 10 F7              	DJNZ 	CVHL2
0633++ 1A7A             
0634++ 1A7A 20 F1              	JR 	NZ,CVHL1
0635++ 1A7C             
0636++ 1A7C FE 0A              	CP 	10
0637++ 1A7E 04                 	INC 	B
0638++ 1A7F 30 EC              	JR 	NC,CVHL1
0639++ 1A81             
0640++ 1A81 FE 0A       CVHL4 	CP 	10
0641++ 1A83 DE 69              	SBC 	A,$69
0642++ 1A85 27                 	DAA
0643++ 1A86 12                 	LD 	(DE),A
0644++ 1A87 13                 	INC 	DE
0645++ 1A88 F1                 	POP 	AF
0646++ 1A89 20 F6              	JR 	NZ,CVHL4
0647++ 1A8B             
0648++ 1A8B C9                 	RET
0649++ 1A8C             
0650++ 1A8C             ;****************
0651++ 1A8C             
0652++ 1A8C B7          XTRACT	OR 	A
0653++ 1A8D 28 08              	JR 	Z,COPY
0654++ 1A8F             
0655++ 1A8F CB 7E       SKIP  	BIT 	7,(HL)
0656++ 1A91 23                 	INC 	HL
0657++ 1A92 28 FB              	JR 	Z,SKIP
0658++ 1A94             
0659++ 1A94 3D                 	DEC 	A
0660++ 1A95 20 F8              	JR 	NZ,SKIP
0661++ 1A97             
0662++ 1A97 7E          COPY  	LD 	A,(HL)
0663++ 1A98 07                 	RLCA
0664++ 1A99 CB 3F              	SRL 	A
0665++ 1A9B 12                 	LD 	(DE),A
0666++ 1A9C             
0667++ 1A9C 13                 	INC 	DE
0668++ 1A9D 23                 	INC 	HL
0669++ 1A9E 30 F7              	JR 	NC,COPY
0670++ 1AA0             
0671++ 1AA0 C9                 	RET
0672++ 1AA1             
0673++ 1AA1             ;*******************
0674++ 1AA1             
0675++ 1AA1 1A          FETCH 	LD 	A,(DE)
0676++ 1AA2 13                 	INC 	DE
0677++ 1AA3 DD 34 00           	INC 	(IX+0)
0678++ 1AA6 F5                 	PUSH 	AF
0679++ 1AA7 CD B1 1A           	CALL 	BYTSP
0680++ 1AAA F1                 	POP 	AF
0681++ 1AAB C9                 	RET
0682++ 1AAC             
0683++ 1AAC 7A          ADRSP 	LD 	A,D
0684++ 1AAD CD B8 1A           	CALL 	BYTOP
0685++ 1AB0 7B                 	LD 	A,E
0686++ 1AB1             
0687++ 1AB1 CD B8 1A    BYTSP 	CALL 	BYTOP
0688++ 1AB4 3E 20              	LD 	A,$20
0689++ 1AB6 18 10              	JR 	CHROP
0690++ 1AB8             
0691++ 1AB8 F5          BYTOP 	PUSH 	AF
0692++ 1AB9 1F                 	RRA
0693++ 1ABA 1F                 	RRA
0694++ 1ABB 1F                 	RRA
0695++ 1ABC 1F                 	RRA
0696++ 1ABD CD C1 1A           	CALL 	HEXOP
0697++ 1AC0 F1                 	POP 	AF
0698++ 1AC1             
0699++ 1AC1 E6 0F       HEXOP 	AND 	$0F
0700++ 1AC3 FE 0A              	CP 	10
0701++ 1AC5 DE 69              	SBC 	A,$69
0702++ 1AC7 27                 	DAA
0703++ 1AC8             
0704++ 1AC8             ; -----------------------------------
0705++ 1AC8             ;
0706++ 1AC8             ; End of John Kerr's DIS-Z80 routine.
0707++ 1AC8             ; 
0708++ 1AC8             ; The next routine outputs a character.
0709++ 1AC8             ;
0710++ 1AC8             ; -------------------------------------
0755+  1AC8             CHROP
0756+  1AC8 CD 21 08            CALL   TXDATA
0757+  1ACB C9                  RET
0758+  1ACC                    .END
2774   1ACC                     .END



Label        Value      Label        Value      Label        Value
------------------      ------------------      ------------------
ADDR          3F12      ADRESS        3F3B      ADDKEY        032D      
AUTRST        033C      ADMODE        03CC      ASCHEX        07FE      
ASCHX1        0804      ADDRA         0886      ADDRB         0898      
ASC2HEX       149E      AC2HEX1       14AA      AC2HEX2       14AC      
AC2HEX3       14B8      AC2HEX4       14C7      ABS           195B      
ACCUM         19DF      ADRSP         1AAC      BOTRAM        2000      
BUFFER        3E00      B300          0220      B1200         0080      
B2400         003F      B4800         001B      B9600         000B      
BAUD          3F21      BLKSRT        3F29      BLKEND        3F2B      
BLKDST        3F2D      BRKADD        3F63      BEEP          05DF      
BEEP1         05EF      BEEP2         05F6      BEEP3         0606      
BITIME        0879      BITIM1        087E      BLKMVE        08AA      
BLKMV1        08C9      BLKMV2        08CC      BLKMV3        08DE      
BLKSUM        0900      BLKSM1        091C      BRANCH        093E      
BRNCH1        0960      BRNCH2        096B      BPOINT        12A9      
BYTOUT        1545      BYTASC        1556      BCRLF         1571      
BITASC        1663      BTASC1        1666      BTASC2        166C      
BTASC3        166F      BTASC4        1672      BITNUM        1968      
BYTSP         1AB1      BYTOP         1AB8      CALMDE        3F17      
COUNT         3F27      CALLJMP       006E      CONBYT        0425      
CONVHI        0432      CONVLO        0436      CLRBUF        0486      
CLRBF1        048D      CHKSUM        04F1      CHKSM1        04F5      
CANCEL        0750      CANCL1        0753      CKSUM         07D2      
CHKKEY        0B10      CHKKY1        0B1E      CHKKY2        0B47      
CHKKY3        0B54      CHKKY4        0B5C      CHKKY5        0B63      
CHKKY6        0B71      CHKKY7        0B73      CHKKY8        0B78      
CHKKY9        0B9D      CHKKYA        0BAB      CLKEXT        0D24      
CALKEY        0D2E      CR            000D      COLD          1006      
CONFLG        16B1      CONDIT        1950      COMMON        19E2      
CONVHL        1A6C      CVHL1         1A6D      CVHL2         1A71      
CVHL3         1A75      CVHL4         1A81      COPY          1A97      
CHROP         1AC8      DISPLY        0084      DATA          3F14      
DISBUF        3F31      DATENT        0304      DATENT1       0306      
DECKEY        0374      DECKY1        037A      DECKY2        0387      
DECKY3        03A2      DISADD        0407      DISBYT        041C      
DECSTP        06FC      DECSP1        070C      DELONE        0C20      
DELON1        0C29      DELON2        0C2B      DSPLAY        14CA      
DPLAY1        14DB      DPLAY2        14EA      DPLAY3        14F1      
DPLINE        1502      DLINE1        1511      DLINE2        1524      
DOT           1530      DISREG        15DC      DISASM        1685      
DAT8          1961      D8            1963      DA            196C      
DAT16         1970      D16           1972      DAC           1979      
DHL           197D      EDTKEY        0AE0      ENDKEY        0B07      
ESC           001B      ESCMORE       145D      ESCMOR1       1476      
EXIT          1485      EXAF          19AA      EXDE          19AF      
FUNTBL        3F15      FUNJMP        3F2F      FN2VEC        00A0      
FUNKEY        0732      FUNKY1        0738      FUNKY2        0747      
FUNLST        075A      FUNFUN        078E      FILBUF        168E      
FETCH         1AA1      GOEXEC        0792      GETBYT        07D9      
GETBYT1       07E2      GETBYT2       07F6      GETCHR        10CC      
GETNYB        10E1      GETOUT        10FA      GOJUMP        10FC      
GOJMP1        110D      GETDIS        16D2      GETNDX        16FD      
GROUP2        1753      GROUP1        176E      GROUP3        1816      
HEXKEY        02E8      HEXKY1        02F3      HEXKY2        0314      
HELP          1134      HEXOP         1AC1      ISTACK        3E00      
IO0           0080      IO1           0081      IO2           0082      
IO3           0083      IO7           0087      INTRET        003D      
INCKEY        0345      INCKY1        034B      INCKY2        0358      
INCKY3        0373      INDEXB        0501      INDEXW        0508      
INCSTP        06E7      INCSP1        06F7      INTELFN       079C      
INTELH        07AB      INTHEX        13D1      ITHEX1        140B      
INSBUF        1567      ILPSZ         1678      ILPSZ1        1679      
ILPSZ2        1684      INTMOD        1991      IDAT8         19ED      
IDAT16        19F7      IPAREF        1A04      IREG16        1A17      
JMPHL         3F65      KEYBUF        0086      KEYFN         0010      
KEYAD         0011      KEYINC        0012      KEYDEC        0013      
KEYTIM        3F23      KEYDEL        3F3D      KBDTYP        03EB      
KYBSZ         03FD      KYBDBF        0406      KEYIN         04BA      
KEYREL        04C4      KEYRL1        04C5      LENGTH        05A4      
LBYTES        07C5      LOSE          0BC4      LF            000A      
LISTA         1422      LISTA1        1437      LISTA2        1446      
LISTA3        144D      MODE          3F39      MAIN          0285      
MAIN1         0296      MAIN2         0299      MENLST        02AB      
MENU          04CE      MENU1         04DC      MENU2         04E8      
MUL16         0529      MULT          0532      MULT1         0538      
MUSIC         0540      MSDELAY       0817      MSDEL1        081A      
MOVE          08E4      MONMENU       10AA      MODIFY        137E      
MDIFY1        138F      MDIFY2        13CA      MONICS        186C      
NMIRET        006B      NXTBIT        0832      NDOT          1532      
NYBOUT        1548      NYBOUT1       1550      NYBASC        155F      
NOTNDX        16B9      NODISP        16D8      NXBYTE        16E3      
NEWMSK        16E7      NEWMOD        16ED      ONTIM         3F37      
OFTIM         3F38      ONESEC        0F3C      ONESC1        0F45      
OUTSP         1125      OPDONE        1731      OUTEXT        1748      
OPRND1        193C      OPRND2        1942      PCBTYP        03DD      
PAUSE         0551      PERIOD        058C      PLAY1         0996      
PLAY2         09A5      PLAY3         09B4      PATERN        0E9C      
PGMRET        15BA      PUTOUT        174A      PS1           1997      
POS           19D1      PORTC         19E7      PS2           19EA      
PS3           19EB      PS4           1A28      RAMEND        3D00      
RAMSRT        2000      REGPNT        3F3F      RST08         3F51      
RST10         3F53      RST18         3F55      RST20         3F57      
RST28         3F59      RST38         3F5B      RST66         3F5D      
RAMSUM        3F5F      RSTVEC        0000      RST30         0030      
RSTRET        0073      RETURN        0074      RESET         0200      
RESET1        0214      RAND          0511      REGTBL        0647      
REGNAM        0684      REGKEY        0694      RETMON        06BB      
RETPGM        06C5      RXDATA        084C      RXDAT1        084E      
RXDAT2        0866      RELSQR        0BDE      RLTEST        0BED      
RLSTEP        0BF3      RELSR1        0BF9      RELSR2        0C0A      
RELSR3        0C12      RELSR4        0C17      RWATCH        0E52      
RWACH1        0E5E      RWACH2        0E67      RWACH3        0E79      
REGSTR        15F0      REGSTR1       1631      RSTADR        193E      
RELADR        1944      REG16P        199E      REG8S         19B3      
R8            19B5      REG8          1A01      REG16         1A0A      
R16           1A0D      RX            1A0F      RNX           1A13      
RP            1A1F      REGX          1A23      RGSTRS        1A33      
SCAN          0085      SPSAVE        3F10      SWREG0        3F19      
SWREG1        3F1A      SWREG2        3F1B      SWREG3        3F1C      
SWREG4        3F1D      SWREG5        3F1E      SWREG6        3F1F      
SWREG7        3F20      SPTEMP        3F25      SWATCH        3F60      
SYSERR        3F61      SYSCALL       00D0      STOP          00F3      
SYSJMP        0100      SETDP         03D1      SEGMNT        0445      
SCAND         0455      SCAND1        045D      SCAND2        0469      
SCAND3        0474      SCANKEY       0495      SKEYIN        04A0      
SKEYRL        04AD      SKEYL1        04AE      STEP          0546      
STEP1         055B      STEP2         0565      STEP3         0570      
SSTEP         0609      SSTEP1        0635      SETREG        0712      
SERINI        0807      SDELAY        08F2      SDELY1        08F7      
SWBEEP        09C3      SECRET        0A5D      SECRT1        0A9A      
SECNUM        0AA9      SPLIT         0BCB      SCOPE         0C36      
SCOPE2        0C4B      SCOPE3        0C53      SCOPE4        0C62      
SCOPE5        0C69      SCOPE6        0C70      SCOPE7        0C77      
SCOPE8        0C7E      SCOPE9        0C87      SCOPEA        0C94      
SEED          0CB5      SKATE         0CC4      SKATE1        0CC9      
SKATE2        0CD1      SKATE3        0CDA      SETCLK        0DB5      
SETCK1        0DBB      SETCK2        0DEA      SETCK3        0DFE      
SETCK4        0E0C      SETCK5        0E1A      SETCK6        0E21      
SETCK7        0E31      SETCK8        0E38      SCBUG         1000      
START2        1080      START3        1085      START4        1090      
START5        1098      SSTOGL        1303      STOGL1        1354      
SPCBUF        156C      SSSTEP        157B      SSTEPA        15B3      
SNDMSG        1650      SDMSG1        1655      SDMSG2        165F      
SECOND        1729      SPACES        1741      STKTOP        1999      
SKIP          1A8F      TOPRAM        3FFF      TMPPC         3F41      
TMPAF         3F43      TMPBC         3F45      TMPDE         3F47      
TMPHL         3F49      TMPIX         3F4B      TMPIY         3F4D      
TMPSP         3F4F      TRAP          00EF      TYPESZ        03F2      
TYPEBF        03F7      TONE          05BD      TONE1         05C7      
TONE2         05CE      TONE3         05D1      TXDATA        0821      
TRACE         0975      TRACE1        0989      TRACE2        0990      
TUNE1         09D1      TUNE2         0A11      TIME          0CE5      
TIME1         0CFD      TIMKEY        0D17      TXCRLF        112A      
TRYNDX        169F      TRYMAT        16F2      TABEND        1701      
UPDATE        03A3      UPDATE1       03C4      UPDBUF        0D3D      
UPDBF1        0D43      UPDBF2        0D65      UPDBF3        0D89      
UPDBF4        0D9B      UPDBF5        0DB4      VARBLS        3F00      
VARIDX        3F00      VARRAM        03D9      VERS          03E4      
VERSZ         03F8      VERBCD        03FC      WMARK         07AD      
WIN           0BBB      WWATCH        0EDC      WWACH1        0EF6      
WWACH2        0EF8      WWACH3        0F13      WWACH4        0F16      
WWACH5        0F18      WWACH6        0F29      WARM          10A4      
WRDOUT        1542      WRDASC        1551      XTRACT        1A8C      

tasm: Number of errors = 0
